title,year,rating,rating_count,genre
Gladiator ,2000,8.5,"1,294,736","Action,Adventure,Drama,5 May 2000 (USA)
"
Jurassic Park ,1993,8.1,"834,297","Action,Adventure,Sci-Fi,11 June 1993 (USA)
"
Saving Private Ryan ,1998,8.6,"1,191,235","Drama,War,24 July 1998 (USA)
"
Pulp Fiction ,1994,8.9,"1,763,342","Crime,Drama,14 October 1994 (USA)
"
Inglourious Basterds ,2009,8.3,"1,216,056","Adventure,Drama,War,21 August 2009 (USA)
"
Knives Out ,2019,7.9,"326,486","Comedy,Crime,Drama,27 November 2019 (USA)
"
Titanic ,1997,7.8,"1,015,544","Drama,Romance,19 December 1997 (USA)
"
Starship Troopers ,1997,7.2,"261,489","Action,Adventure,Sci-Fi,7 November 1997 (USA)
"
Django Unchained ,2012,8.4,"1,303,437","Drama,Western,25 December 2012 (USA)
"
Bombshell ,2019,6.8,"62,541","Biography,Drama,20 December 2019 (USA)
"
No Country for Old Men ,2007,8.1,"820,709","Crime,Drama,Thriller,21 November 2007 (USA)
"
Selma ,2014,7.5,"82,591","Biography,Drama,History,9 January 2015 (USA)
"
The Disaster Artist ,2017,7.4,"130,256","Biography,Comedy,Drama,8 December 2017 (USA)
"
The Matrix ,1999,8.7,"1,615,763","Action,Sci-Fi,31 March 1999 (USA)
"
Moana ,2016,7.6,"255,023","Animation,Adventure,Comedy,23 November 2016 (USA)
"
The Silence of the Lambs ,1991,8.6,"1,219,979","Crime,Drama,Thriller,14 February 1991 (USA)
"
Fight Club ,1999,8.8,"1,790,606","Drama,15 October 1999 (USA)
"
Forrest Gump ,1994,8.8,"1,736,671","Drama,Romance,6 July 1994 (USA)
"
Get Out ,2017,7.7,"463,603","Horror,Mystery,Thriller,24 February 2017 (USA)
"
The Fifth Element ,1997,7.7,"422,260","Action,Adventure,Sci-Fi,9 May 1997 (USA)
"
Guardians of the Galaxy Vol. 2 ,2017,7.6,"542,583","Action,Adventure,Comedy,5 May 2017 (USA)
"
Ford v Ferrari ,2019,8.1,"224,521","Action,Biography,Drama,15 November 2019 (USA)
"
The Irishman ,2019,7.9,"294,934","Biography,Crime,Drama,27 November 2019 (USA)
"
Mad Max: Fury Road ,2015,8.1,"845,667","Action,Adventure,Sci-Fi,15 May 2015 (USA)
"
Call Me by Your Name ,2017,7.9,"193,821","Drama,Romance,19 January 2018 (USA)
"
A Beautiful Day in the Neighborhood ,2019,7.3,"44,291","Biography,Drama,22 November 2019 (USA)
"
Black Panther ,2018,7.3,"585,077","Action,Adventure,Sci-Fi,16 February 2018 (USA)
"
The Dark Knight ,2008,9.0,"2,219,910","Action,Crime,Drama,18 July 2008 (USA)
"
Ready Player One ,2018,7.5,"346,399","Action,Adventure,Sci-Fi,29 March 2018 (USA)
"
Interstellar ,2014,8.6,"1,425,862","Adventure,Drama,Sci-Fi,7 November 2014 (USA)
"
Marriage Story ,2019,8.0,"217,334","Comedy,Drama,Romance,6 December 2019 (USA)
"
The Lord of the Rings: The Fellowship of the Ring ,2001,8.8,"1,604,881","Action,Adventure,Drama,19 December 2001 (USA)
"
Harry Potter and the Sorcerer's Stone ,2001,7.6,"616,893","Adventure,Family,Fantasy,16 November 2001 (USA)
"
Little Women ,2019,7.9,"110,451","Drama,Romance,25 December 2019 (USA)
"
Baby Driver ,2017,7.6,"413,975","Action,Crime,Drama,28 June 2017 (USA)
"
Star Wars: Episode I - The Phantom Menace ,1999,6.5,"707,693","Action,Adventure,Fantasy,19 May 1999 (USA)
"
Harry Potter and the Prisoner of Azkaban ,2004,7.9,"527,055","Adventure,Family,Fantasy,4 June 2004 (USA)
"
Charlie and the Chocolate Factory ,2005,6.6,"412,637","Adventure,Comedy,Family,15 July 2005 (USA)
"
The Usual Suspects ,1995,8.5,"959,758","Crime,Mystery,Thriller,16 August 1995 (USA)
"
American History X ,1998,8.5,"1,005,534","Drama,20 November 1998 (USA)
"
Rogue One: A Star Wars Story ,2016,7.8,"532,995","Action,Adventure,Sci-Fi,16 December 2016 (USA)
"
Batman Begins ,2005,8.2,"1,266,420","Action,Adventure,15 June 2005 (USA)
"
The Social Network ,2010,7.7,"602,666","Biography,Drama,1 October 2010 (USA)
"
Requiem for a Dream ,2000,8.3,"741,760","Drama,15 December 2000 (USA)
"
Richard Jewell ,2019,7.5,"41,646","Biography,Crime,Drama,13 December 2019 (USA)
"
Star Wars: Episode VII - The Force Awakens ,2015,7.9,"839,993","Action,Adventure,Sci-Fi,18 December 2015 (USA)
"
Bohemian Rhapsody ,2018,8.0,"426,645","Biography,Drama,Music,2 November 2018 (USA)
"
Toy Story 4 ,2019,7.8,"182,599","Animation,Adventure,Comedy,21 June 2019 (USA)
"
Misery ,1990,7.8,"177,083","Drama,Thriller,30 November 1990 (USA)
"
The Mummy ,1999,7.0,"381,639","Action,Adventure,Fantasy,7 May 1999 (USA)
"
The Great Gatsby ,2013,7.2,"461,851","Drama,Romance,10 May 2013 (USA)
"
Les Misérables ,2012,7.6,"300,364","Drama,History,Musical,25 December 2012 (USA)
"
Transformers ,2007,7.0,"586,204","Action,Adventure,Sci-Fi,3 July 2007 (USA)
"
The Martian ,2015,8.0,"733,085","Adventure,Drama,Sci-Fi,2 October 2015 (USA)
"
Molly's Game ,2017,7.4,"130,033","Biography,Crime,Drama,5 January 2018 (USA)
"
Ex Machina ,2014,7.7,"456,959","Drama,Mystery,Sci-Fi,24 April 2015 (USA)
"
Star Wars: Episode VIII - The Last Jedi ,2017,7.0,"541,782","Action,Adventure,Fantasy,15 December 2017 (USA)
"
Gangs of New York ,2002,7.5,"393,506","Crime,Drama,20 December 2002 (USA)
"
Iron Man ,2008,7.9,"914,076","Action,Adventure,Sci-Fi,2 May 2008 (USA)
"
That Thing You Do! ,1996,6.9,"60,538","Comedy,Drama,Music,4 October 1996 (USA)
"
The Ballad of Buster Scruggs ,2018,7.3,"111,623","Comedy,Drama,Musical,9 November 2018 (USA)
"
Basic Instinct ,1992,7.0,"166,619","Drama,Mystery,Thriller,20 March 1992 (USA)
"
Changeling ,2008,7.7,"231,464","Biography,Crime,Drama,31 October 2008 (USA)
"
Romeo + Juliet ,1996,6.7,"204,954","Drama,Romance,1 November 1996 (USA)
"
Iron Man 3 ,2013,7.2,"734,243","Action,Adventure,Sci-Fi,3 May 2013 (USA)
"
Captain America: The Winter Soldier ,2014,7.7,"712,908","Action,Adventure,Sci-Fi,4 April 2014 (USA)
"
Spotlight ,2015,8.1,"400,571","Biography,Crime,Drama,20 November 2015 (USA)
"
Star Wars: Episode III - Revenge of the Sith ,2005,7.5,"688,902","Action,Adventure,Fantasy,19 May 2005 (USA)
"
Billy Elliot ,2000,7.7,"122,677","Drama,Music,10 November 2000 (USA)
"
Fargo ,1996,8.1,"595,286","Crime,Drama,Thriller,5 April 1996 (USA)
"
Star Trek ,2009,7.9,"569,542","Action,Adventure,Sci-Fi,8 May 2009 (USA)
"
Speed ,1994,7.2,"319,334","Action,Adventure,Thriller,10 June 1994 (USA)
"
Home Alone ,1990,7.6,"447,957","Comedy,Family,16 November 1990 (USA)
"
Inside Out ,2015,8.1,"585,200","Animation,Adventure,Comedy,19 June 2015 (USA)
"
Harriet ,2019,6.4,"14,473","Action,Biography,Drama,1 November 2019 (USA)
"
Nightcrawler ,2014,7.8,"442,324","Crime,Drama,Thriller,31 October 2014 (USA)
"
Mrs. Doubtfire ,1993,7.0,"236,965","Comedy,Drama,Family,24 November 1993 (USA)
"
Spider-Man 2 ,2004,7.3,"528,412","Action,Adventure,Sci-Fi,30 June 2004 (USA)
"
American Hustle ,2013,7.2,"437,437","Crime,Drama,20 December 2013 (USA)
"
Jackie Brown ,1997,7.5,"306,088","Crime,Drama,Thriller,25 December 1997 (USA)
"
The Hobbit: The Desolation of Smaug ,2013,7.8,"587,471","Adventure,Fantasy,13 December 2013 (USA)
"
Manchester by the Sea ,2016,7.8,"235,277","Drama,16 December 2016 (USA)
"
The Master ,2012,7.2,"147,587","Drama,21 September 2012 (USA)
"
Argo ,2012,7.7,"559,493","Biography,Drama,Thriller,12 October 2012 (USA)
"
The Fugitive ,1993,7.8,"259,361","Action,Crime,Drama,6 August 1993 (USA)
"
Ratatouille ,2007,8.0,"618,916","Animation,Adventure,Comedy,29 June 2007 (USA)
"
Mulan ,1998,7.6,"241,403","Animation,Adventure,Family,19 June 1998 (USA)
"
The Lobster ,2015,7.2,"206,506","Comedy,Drama,Romance,23 June 2016 (Germany)
"
Vice ,2018,7.2,"109,515","Biography,Comedy,Drama,25 December 2018 (USA)
"
Lion ,2016,8.0,"203,497","Biography,Drama,6 January 2017 (USA)
"
Slumdog Millionaire ,2008,8.0,"781,507","Drama,Romance,25 December 2008 (USA)
"
The Addams Family ,1991,6.9,"125,730","Comedy,Fantasy,22 November 1991 (USA)
"
Million Dollar Baby ,2004,8.1,"617,568","Drama,Sport,28 January 2005 (USA)
"
Big Fish ,2003,8.0,"405,367","Adventure,Drama,Fantasy,9 January 2004 (USA)
"
Dick Tracy ,1990,6.1,"56,064","Action,Comedy,Crime,15 June 1990 (USA)
"
Dallas Buyers Club ,2013,8.0,"426,038","Biography,Drama,22 November 2013 (USA)
"
Mystic River ,2003,7.9,"408,253","Crime,Drama,Mystery,15 October 2003 (USA)
"
Mudbound ,2017,7.4,"39,647","Drama,War,17 November 2017 (USA)
"
Little Women ,1994,7.3,"49,478","Drama,Family,Romance,25 December 1994 (USA)
"
L.A. Confidential ,1997,8.2,"517,376","Crime,Drama,Mystery,19 September 1997 (USA)
"
Finding Nemo ,2003,8.1,"920,297","Animation,Adventure,Comedy,30 May 2003 (USA)
"
Cold Mountain ,2003,7.2,"137,174","Adventure,Drama,History,25 December 2003 (USA)
"
The Mask ,1994,6.9,"334,424","Action,Comedy,Crime,29 July 1994 (USA)
"
Star Trek Into Darkness ,2013,7.7,"456,673","Action,Adventure,Sci-Fi,16 May 2013 (USA)
"
Up ,2009,8.2,"903,042","Animation,Adventure,Comedy,29 May 2009 (USA)
"
Judy ,2019,6.8,"31,772","Biography,Drama,Romance,4 October 2019 (USA)
"
TRON: Legacy ,2010,6.8,"307,258","Action,Adventure,Sci-Fi,17 December 2010 (USA)
"
Sleepy Hollow ,1999,7.3,"320,176","Fantasy,Horror,Mystery,19 November 1999 (USA)
"
Fantastic Mr. Fox ,2009,7.9,"190,451","Animation,Adventure,Comedy,25 November 2009 (USA)
"
The Devil Wears Prada ,2006,6.9,"358,893","Comedy,Drama,30 June 2006 (USA)
"
Up in the Air ,2009,7.4,"312,370","Comedy,Drama,Romance,23 December 2009 (USA)
"
Blood Diamond ,2006,8.0,"485,693","Adventure,Drama,Thriller,8 December 2006 (USA)
"
Hollow Man ,2000,5.8,"120,648","Action,Horror,Sci-Fi,4 August 2000 (USA)
"
Contact ,1997,7.4,"246,911","Drama,Mystery,Sci-Fi,11 July 1997 (USA)
"
X-Men: Days of Future Past ,2014,8.0,"646,414","Action,Adventure,Sci-Fi,23 May 2014 (USA)
"
Incendies ,2010,8.3,"139,545","Drama,Mystery,War,23 June 2011 (Germany)
"
Moonrise Kingdom ,2012,7.8,"308,514","Comedy,Drama,Romance,29 June 2012 (USA)
"
Batman Returns ,1992,7.0,"266,491","Action,Crime,Fantasy,19 June 1992 (USA)
"
Ted ,2012,6.9,"558,898","Comedy,29 June 2012 (USA)
"
The Impossible ,2012,7.6,"190,356","Drama,History,Thriller,4 January 2013 (USA)
"
Lincoln ,2012,7.3,"238,680","Biography,Drama,History,16 November 2012 (USA)
"
Collateral ,2004,7.5,"349,420","Crime,Drama,Thriller,6 August 2004 (USA)
"
Lone Survivor ,2013,7.5,"259,562","Action,Biography,Drama,10 January 2014 (USA)
"
Backdraft ,1991,6.7,"69,379","Crime,Drama,Mystery,24 May 1991 (USA)
"
Sweeney Todd: The Demon Barber of Fleet Street ,2007,7.3,"335,251","Drama,Horror,Musical,21 December 2007 (USA)
"
A.I. Artificial Intelligence ,2001,7.2,"284,730","Drama,Sci-Fi,29 June 2001 (USA)
"
Magnolia ,1999,8.0,"282,417","Drama,7 January 2000 (USA)
"
Revolutionary Road ,2008,7.3,"189,499","Drama,Romance,23 January 2009 (USA)
"
Sleepers ,1996,7.6,"182,628","Crime,Drama,Thriller,18 October 1996 (USA)
"
Gattaca ,1997,7.8,"273,564","Drama,Sci-Fi,Thriller,24 October 1997 (USA)
"
Juno ,2007,7.4,"481,106","Comedy,Drama,25 December 2007 (USA)
"
Transformers: Revenge of the Fallen ,2009,6.0,"377,328","Action,Adventure,Sci-Fi,24 June 2009 (USA)
"
Con Air ,1997,6.9,"269,062","Action,Crime,Thriller,6 June 1997 (USA)
"
Beauty and the Beast ,1991,8.0,"408,030","Animation,Family,Fantasy,22 November 1991 (USA)
"
Toy Story 3 ,2010,8.3,"733,413","Animation,Adventure,Comedy,18 June 2010 (USA)
"
The Theory of Everything ,2014,7.7,"386,456","Biography,Drama,Romance,26 November 2014 (USA)
"
Enchanted ,2007,7.0,"172,669","Animation,Comedy,Family,21 November 2007 (USA)
"
The Big Sick ,2017,7.5,"115,579","Comedy,Drama,Romance,14 July 2017 (USA)
"
Meet the Parents ,2000,7.0,"304,115","Comedy,Romance,6 October 2000 (USA)
"
The Phantom of the Opera ,2004,7.3,"113,897","Drama,Musical,Romance,16 December 2004 (Germany)
"
Steve Jobs ,2015,7.2,"148,648","Biography,Drama,23 October 2015 (USA)
"
The Royal Tenenbaums ,2001,7.6,"258,839","Comedy,Drama,4 January 2002 (USA)
"
Brooklyn ,2015,7.5,"126,351","Drama,Romance,25 November 2015 (USA)
"
My Big Fat Greek Wedding ,2002,6.5,"117,307","Comedy,Drama,Romance,2 August 2002 (USA)
"
The Queen ,2006,7.3,"101,686","Biography,Drama,History,17 November 2006 (USA)
"
The Talented Mr. Ripley ,1999,7.4,"176,075","Crime,Drama,Thriller,25 December 1999 (USA)
"
Lemony Snicket's A Series of Unfortunate Events ,2004,6.8,"191,762","Adventure,Comedy,Family,17 December 2004 (USA)
"
Fried Green Tomatoes ,1991,7.7,"64,764","Drama,24 January 1992 (USA)
"
Munich ,2005,7.5,"206,650","Action,Drama,History,6 January 2006 (USA)
"
Creed ,2015,7.6,"239,774","Drama,Sport,25 November 2015 (USA)
"
Ghost ,1990,7.0,"190,274","Drama,Fantasy,Romance,13 July 1990 (USA)
"
The Assassination of Jesse James by the Coward Robert Ford ,2007,7.5,"164,425","Biography,Crime,Drama,19 October 2007 (USA)
"
The Time Machine ,2002,6.0,"116,694","Action,Adventure,Sci-Fi,8 March 2002 (USA)
"
Salt ,2010,6.4,"289,333","Action,Mystery,Thriller,23 July 2010 (USA)
"
Eastern Promises ,2007,7.6,"222,395","Action,Crime,Drama,21 September 2007 (USA)
"
Captain Phillips ,2013,7.8,"408,343","Biography,Crime,Drama,11 October 2013 (USA)
"
The Age of Innocence ,1993,7.2,"49,393","Drama,Romance,1 October 1993 (USA)
"
Bridget Jones's Diary ,2001,6.7,"218,297","Comedy,Drama,Romance,13 April 2001 (USA)
"
The Wife ,2017,7.2,"32,431","Drama,3 January 2019 (Germany)
"
Anastasia ,1997,7.2,"108,366","Animation,Adventure,Drama,21 November 1997 (USA)
"
Rango ,2011,7.2,"228,984","Animation,Adventure,Comedy,4 March 2011 (USA)
"
Monster ,2003,7.3,"131,543","Biography,Crime,Drama,30 January 2004 (USA)
"
Dawn of the Planet of the Apes ,2014,7.6,"404,426","Action,Adventure,Drama,11 July 2014 (USA)
"
Real Steel ,2011,7.1,"291,662","Action,Drama,Family,7 October 2011 (USA)
"
The Hours ,2002,7.5,"121,584","Drama,Romance,14 February 2003 (USA)
"
Gosford Park ,2001,7.2,"78,130","Comedy,Drama,Mystery,18 January 2002 (USA)
"
Sleepless in Seattle ,1993,6.8,"153,707","Comedy,Drama,Romance,25 June 1993 (USA)
"
Babel ,2006,7.4,"283,538","Drama,10 November 2006 (USA)
"
The Descendants ,2011,7.3,"229,059","Comedy,Drama,9 December 2011 (USA)
"
Inside Llewyn Davis ,2013,7.5,"134,118","Comedy,Drama,Music,10 January 2014 (USA)
"
Winter's Bone ,2010,7.2,"132,704","Drama,Mystery,16 July 2010 (USA)
"
U-571 ,2000,6.6,"74,996","Action,War,21 April 2000 (USA)
"
Defiance ,2008,7.2,"134,999","Action,Drama,History,16 January 2009 (USA)
"
Blue Jasmine ,2013,7.3,"187,734","Drama,23 August 2013 (USA)
"
Borat: Cultural Learnings of America for Make Benefit Glorious Nation of Kazakhstan ,2006,7.3,"344,400","Comedy,3 November 2006 (USA)
"
The Nightmare Before Christmas ,1993,8.0,"283,213","Animation,Family,Fantasy,29 October 1993 (USA)
"
Death Becomes Her ,1992,6.6,"99,407","Comedy,Fantasy,Horror,31 July 1992 (USA)
"
Bolt ,2008,6.8,"184,294","Animation,Adventure,Comedy,21 November 2008 (USA)
"
Bicentennial Man ,1999,6.9,"107,472","Comedy,Drama,Sci-Fi,17 December 1999 (USA)
"
First Reformed ,2017,7.1,"43,837","Drama,Mystery,Thriller,18 May 2018 (USA)
"
The Wrestler ,2008,7.9,"284,929","Drama,Sport,30 January 2009 (USA)
"
Norbit ,2007,4.1,"66,517","Comedy,Romance,9 February 2007 (USA)
"
Youth ,2015,7.3,"69,059","Comedy,Drama,Music,4 December 2015 (USA)
"
Begin Again ,2013,7.4,"138,083","Comedy,Drama,Music,11 July 2014 (USA)
"
Under Siege ,1992,6.5,"74,279","Action,Thriller,9 October 1992 (USA)
"
Amistad ,1997,7.3,"69,145","Biography,Drama,History,25 December 1997 (USA)
"
Rio ,2011,6.9,"200,914","Animation,Adventure,Comedy,15 April 2011 (USA)
"
The Kids Are All Right ,2010,7.0,"123,767","Comedy,Drama,Romance,30 July 2010 (USA)
"
The Good Shepherd ,2006,6.7,"96,784","Drama,History,Thriller,22 December 2006 (USA)
"
The Boss Baby ,2017,6.3,"103,771","Animation,Adventure,Comedy,31 March 2017 (USA)
"
Can You Ever Forgive Me? ,2018,7.1,"43,455","Biography,Comedy,Crime,21 February 2019 (Germany)
"
Monster's Ball ,2001,7.0,"80,934","Drama,Romance,1 March 2002 (USA)
"
James and the Giant Peach ,1996,6.7,"58,520","Animation,Adventure,Family,12 April 1996 (USA)
"
Sling Blade ,1996,8.0,"85,223","Drama,14 March 1997 (USA)
"
How the Grinch Stole Christmas ,2000,6.2,"196,983","Comedy,Family,Fantasy,17 November 2000 (USA)
"
My Week with Marilyn ,2011,7.0,"81,828","Biography,Drama,23 December 2011 (USA)
"
Babe ,1995,6.7,"114,128","Comedy,Drama,Family,4 August 1995 (USA)
"
Finding Neverland ,2004,7.7,"195,449","Biography,Drama,Family,17 December 2004 (USA)
"
Despicable Me 2 ,2013,7.3,"360,839","Animation,Adventure,Comedy,3 July 2013 (USA)
"
Barton Fink ,1991,7.7,"109,794","Comedy,Drama,Thriller,21 August 1991 (USA)
"
Brother Bear ,2003,6.8,"93,238","Animation,Adventure,Comedy,7 November 2003 (USA)
"
In the Bedroom ,2001,7.4,"36,641","Crime,Drama,8 February 2002 (USA)
"
Happy Feet ,2006,6.4,"165,576","Animation,Adventure,Comedy,17 November 2006 (USA)
"
"South Park: Bigger, Longer & Uncut ",1999,7.7,"188,870","Animation,Comedy,Fantasy,30 June 1999 (USA)
"
The Iron Lady ,2011,6.4,"100,449","Biography,Drama,13 January 2012 (USA)
"
The Straight Story ,1999,8.0,"79,111","Biography,Drama,2 December 1999 (Germany)
"
The Lover ,1992,6.9,"18,463","Biography,Drama,Romance,30 October 1992 (USA)
"
Daylight ,1996,5.9,"64,338","Action,Adventure,Drama,6 December 1996 (USA)
"
I Am Love ,2009,7.0,"19,687","Drama,Romance,23 July 2010 (USA)
"
Poseidon ,2006,5.7,"95,938","Action,Adventure,Thriller,12 May 2006 (USA)
"
Kung Fu Panda 2 ,2011,7.2,"244,681","Animation,Action,Adventure,26 May 2011 (USA)
"
Star Trek: First Contact ,1996,7.6,"115,258","Action,Adventure,Drama,22 November 1996 (USA)
"
Kubo and the Two Strings ,2016,7.8,"113,793","Animation,Action,Adventure,19 August 2016 (USA)
"
Breaking the Waves ,1996,7.8,"60,580","Drama,13 November 1996 (USA)
"
Embrace of the Serpent ,2015,7.9,"19,656","Adventure,Drama,21 April 2016 (Germany)
"
The Wolfman ,2010,5.8,"101,157","Drama,Fantasy,Horror,12 February 2010 (USA)
"
Invictus ,2009,7.3,"146,545","Biography,Drama,History,11 December 2009 (USA)
"
The Fisher King ,1991,7.5,"77,021","Comedy,Drama,Fantasy,27 September 1991 (USA)
"
Crimson Tide ,1995,7.3,"98,074","Action,Drama,Thriller,12 May 1995 (USA)
"
United 93 ,2006,7.5,"96,442","Drama,History,Thriller,28 April 2006 (USA)
"
Land of Mine ,2015,7.8,"32,927","Drama,History,War,7 April 2016 (Germany)
"
Hereafter ,2010,6.4,"89,216","Drama,Fantasy,Romance,22 October 2010 (USA)
"
Velvet Goldmine ,1998,7.0,"33,022","Drama,Music,26 November 1998 (Germany)
"
The Client ,1994,6.7,"57,768","Crime,Drama,Mystery,20 July 1994 (USA)
"
Eraser ,1996,6.1,"101,213","Action,Drama,Thriller,21 June 1996 (USA)
"
August Rush ,2007,7.5,"101,857","Drama,Music,21 November 2007 (USA)
"
Frost/Nixon ,2008,7.7,"100,364","Biography,Drama,History,23 January 2009 (USA)
"
Maverick ,1994,7.0,"99,088","Action,Adventure,Comedy,20 May 1994 (USA)
"
Once ,2007,7.8,"108,458","Drama,Music,Romance,15 June 2007 (USA)
"
Florence Foster Jenkins ,2016,6.8,"48,957","Biography,Comedy,Drama,12 August 2016 (USA)
"
Syriana ,2005,6.9,"123,865","Drama,Thriller,9 December 2005 (USA)
"
I'm Not There ,2007,6.9,"55,650","Biography,Drama,Music,7 December 2007 (USA)
"
Flags of Our Fathers ,2006,7.1,"115,232","Action,Adventure,Drama,20 October 2006 (USA)
"
La Vie En Rose ,2007,7.6,"80,828","Biography,Drama,Music,20 July 2007 (USA)
"
In America ,2002,7.7,"39,880","Drama,6 February 2004 (USA)
"
Fly Away Home ,1996,6.8,"23,006","Adventure,Drama,Family,13 September 1996 (USA)
"
The Horse Whisperer ,1998,6.6,"38,204","Drama,Romance,Western,15 May 1998 (USA)
"
The Young Victoria ,2009,7.3,"56,337","Biography,Drama,History,8 January 2010 (USA)
"
Howards End ,1992,7.4,"27,700","Drama,Romance,26 February 1993 (USA)
"
Nine ,2009,5.8,"41,869","Drama,Musical,Romance,25 December 2009 (USA)
"
Kon-Tiki ,2012,7.2,"44,289","Adventure,Biography,Drama,26 April 2013 (USA)
"
Michael Collins ,1996,7.2,"28,814","Biography,Drama,Thriller,25 October 1996 (USA)
"
Spirit: Stallion of the Cimarron ,2002,7.1,"62,651","Animation,Adventure,Drama,24 May 2002 (USA)
"
Far from Heaven ,2002,7.3,"43,010","Drama,10 January 2003 (USA)
"
Wallace & Gromit: The Curse of the Were-Rabbit ,2005,7.4,"122,102","Animation,Adventure,Comedy,7 October 2005 (USA)
"
One Fine Day ,1996,6.5,"42,317","Comedy,Drama,Romance,20 December 1996 (USA)
"
Song of the Sea ,2014,8.1,"48,503","Animation,Adventure,Drama,20 November 2015 (USA)
"
Orlando ,1992,7.2,"13,637","Biography,Drama,Fantasy,9 June 1993 (USA)
"
Notes on a Scandal ,2006,7.4,"73,386","Crime,Drama,Romance,26 January 2007 (USA)
"
Country Strong ,2010,6.3,"16,916","Drama,Music,7 January 2011 (USA)
"
Half Nelson ,2006,7.2,"82,818","Drama,22 September 2006 (USA)
"
The Crucible ,1996,6.8,"34,365","Drama,History,27 November 1996 (USA)
"
Hitchcock ,2012,6.8,"70,672","Biography,Drama,Romance,14 December 2012 (USA)
"
Ghosts of Mississippi ,1996,6.7,"9,857","Drama,History,3 January 1997 (USA)
"
The Madness of King George ,1994,7.2,"14,943","Biography,Comedy,Drama,28 December 1994 (USA)
"
Beasts of the Southern Wild ,2012,7.3,"79,527","Adventure,Drama,Fantasy,20 December 2012 (Germany)
"
W.E. ,2011,6.3,"11,821","Drama,History,Romance,21 June 2012 (Germany)
"
North Country ,2005,7.3,"38,675","Drama,21 October 2005 (USA)
"
Kinsey ,2004,7.0,"46,845","Biography,Drama,Romance,7 January 2005 (USA)
"
American Splendor ,2003,7.4,"46,789","Biography,Comedy,Drama,12 September 2003 (USA)
"
The Breadwinner ,2017,7.7,"18,200","Animation,Drama,Family,17 November 2017 (USA)
"
Shadow of the Vampire ,2000,6.9,"39,327","Drama,Horror,26 January 2001 (USA)
"
The Pirates! Band of Misfits ,2012,6.7,"43,755","Animation,Adventure,Comedy,27 April 2012 (USA)
"
Schön ist die Jugendzeit ,1995,6.9,"5,589","Drama,Romance,War,8 March 1996 (USA)
"
My Life as a Zucchini ,2016,7.8,"20,095","Animation,Comedy,Drama,24 February 2017 (USA)
"
Toys ,1992,5.1,"29,911","Adventure,Comedy,Drama,18 December 1992 (USA)
"
Searching for Bobby Fischer ,1993,7.4,"28,564","Biography,Drama,11 August 1993 (USA)
"
The Savages ,2007,7.1,"35,323","Comedy,Drama,1 February 2008 (USA)
"
Mighty Joe Young ,1998,5.6,"26,953","Action,Adventure,Family,25 December 1998 (USA)
"
In the Valley of Elah ,2007,7.1,"67,669","Crime,Drama,Mystery,28 September 2007 (USA)
"
Kundun ,1997,7.0,"25,511","Biography,Drama,History,16 January 1998 (USA)
"
Deconstructing Harry ,1997,7.4,"41,426","Comedy,2 January 1998 (USA)
"
"Two Days, One Night ",2014,7.3,"43,692","Drama,30 October 2014 (Germany)
"
Bad Grandpa ,2013,6.5,"88,012","Comedy,25 October 2013 (USA)
"
The Paper ,1994,6.6,"12,575","Comedy,Drama,25 March 1994 (USA)
"
Passion Fish ,1992,7.4,"4,879","Drama,11 December 1992 (USA)
"
Affliction ,1997,7.0,"14,621","Drama,Mystery,Thriller,19 February 1999 (USA)
"
Husbands and Wives ,1992,7.5,"26,564","Comedy,Drama,Romance,18 September 1992 (USA)
"
The Invisible Woman ,2013,6.1,"9,093","Biography,Drama,History,24 April 2014 (Germany)
"
The Baader Meinhof Complex ,2008,7.4,"34,857","Action,Biography,Crime,25 September 2008 (Germany)
"
The Tempest ,2010,5.3,"7,298","Comedy,Drama,Fantasy,7 January 2011 (Brazil)
"
The Wedding Banquet ,1993,7.6,"13,528","Comedy,Drama,Romance,4 August 1993 (USA)
"
The Visitor ,2007,7.6,"40,993","Drama,23 May 2008 (USA)
"
The Triplets of Belleville ,2003,7.8,"49,675","Animation,Comedy,Drama,13 February 2004 (USA)
"
Postcards from the Edge ,1990,6.7,"14,946","Comedy,Drama,14 September 1990 (USA)
"
Havana ,1990,6.1,"6,995","Drama,Romance,War,14 December 1990 (USA)
"
Fearless ,1993,7.1,"20,743","Drama,Thriller,5 November 1993 (USA)
"
The Secret of Kells ,2009,7.6,"30,100","Animation,Adventure,Family,22 June 2016 (USA)
"
A Civil Action ,1998,6.6,"26,866","Drama,8 January 1999 (USA)
"
Happy-Go-Lucky ,2008,7.0,"36,948","Comedy,Drama,Romance,21 November 2008 (USA)
"
No Man's Land ,2001,7.9,"43,676","Comedy,Drama,War,20 February 2003 (Germany)
"
The Mirror Has Two Faces ,1996,6.6,"14,901","Comedy,Drama,Romance,15 November 1996 (USA)
"
The End of the Affair ,1999,7.1,"20,874","Drama,Romance,21 January 2000 (USA)
"
Primary Colors ,1998,6.6,"26,850","Comedy,Drama,20 March 1998 (USA)
"
Il Divo - Der Göttliche ,2008,7.3,"15,507","Biography,Drama,16 April 2009 (Germany)
"
The Mambo Kings ,1992,6.4,"4,964","Drama,Music,28 February 1992 (USA)
"
Rambling Rose ,1991,6.6,"4,535","Drama,20 September 1991 (USA)
"
Avalon ,1990,7.2,"5,523","Drama,19 October 1990 (USA)
"
The Barbarian Invasions ,2003,7.6,"27,830","Comedy,Crime,Drama,5 March 2004 (USA)
"
Little Voice ,1998,6.9,"15,489","Comedy,Drama,Music,4 December 1998 (USA)
"
Hilary and Jackie ,1998,7.3,"9,542","Biography,Drama,Music,5 February 1999 (USA)
"
Before the Rain ,1994,8.0,"13,491","Drama,War,24 February 1995 (USA)
"
Metropolitan ,1990,7.4,"9,141","Comedy,Drama,Romance,3 August 1990 (USA)
"
The Preacher's Wife ,1996,5.6,"10,659","Comedy,Drama,Fantasy,13 December 1996 (USA)
"
The Field ,1990,7.4,"5,352","Drama,Thriller,March 1991 (USA)
"
Mediterraneo ,1991,7.5,"13,366","Comedy,Drama,War,30 July 1992 (Germany)
"
The Wings of the Dove ,1997,7.1,"10,153","Drama,Romance,13 March 1998 (USA)
"
Music of the Heart ,1999,6.8,"11,669","Drama,Music,29 October 1999 (USA)
"
Theeb ,2014,7.2,"9,741","Adventure,Drama,Thriller,19 March 2015 (United Arab Emirates)
"
Tsotsi ,2005,7.2,"27,391","Crime,Drama,31 March 2006 (USA)
"
A War ,2015,7.1,"9,465","Crime,Drama,Thriller,14 April 2016 (Germany)
"
One True Thing ,1998,7.0,"11,068","Drama,18 September 1998 (USA)
"
Restoration ,1995,6.6,"8,716","Biography,Drama,History,2 February 1996 (USA)
"
LaLee's Kin: The Legacy of Cotton ,2001,7.7,210,"Documentary,TV Movie 19 January 2001
"
Liberators: Fighting on Two Fronts in World War II ,1992,4.7,57,"Documentary,War,TV Movie 11 November 1992
"
The Last Station ,2009,7.0,"17,500","Biography,Drama,Romance,26 February 2010 (USA)
"
My Family ,1995,7.3,"3,606","Drama,3 May 1995 (USA)
"
Zus & Zo ,2001,6.2,"1,557","Comedy,Fantasy,Romance,8 May 2002 (Netherlands)
"
Solomon & Gaenor ,1999,6.8,"1,131","Drama,Romance,30 April 1999 (UK)
"
Don't Tell ,2005,6.4,"2,329","Drama,Mystery,17 March 2006 (USA)
"
Children of Nature - Eine Reise ,1991,7.3,"1,354","Drama,Romance,8 October 1992 (Germany)
"
Hedd Wyn ,1992,7.0,342,"Drama,Romance,War,12 January 1996 (USA)
"
Eine Frau namens Yesterday ,2004,7.6,"2,180","Drama,3 September 2004 (South Africa)
"
Beyond Silence ,1996,7.4,"4,023","Drama,Music,5 June 1998 (USA)
"
Die Zwillinge ,2002,7.4,"6,337","Drama,Romance,War,7 October 2004 (Germany)
"
Everybody's Famous! ,2000,6.9,"3,071","Comedy,Drama,Music,7 February 2002 (Germany)
"
The Taste of Others ,2000,7.2,"8,805","Comedy,Drama,Romance,9 November 2000 (Germany)
"
Four Days in September ,1997,7.4,"4,420","Action,Drama,History,30 January 1998 (USA)
"
Tom & Viv ,1994,6.4,"1,494","Biography,Drama,Romance,2 December 1994 (USA)
"
Character ,1997,7.7,"10,245","Crime,Drama,Mystery,27 March 1998 (USA)
"
A Cat in Paris ,2010,6.9,"10,333","Animation,Adventure,Comedy,15 December 2010 (France)
"
Hors la loi ,2010,6.5,"3,605","Crime,Drama,War,22 September 2010 (France)
"
Alone Yet Not Alone ,2013,4.6,718,"Action,Drama,History,27 September 2013 (USA)
"
Unstrung Heroes ,1995,6.7,"2,936","Comedy,Drama,22 September 1995 (USA)
"
Georgia ,1995,6.6,"2,760","Drama,Music,8 December 1995 (USA)
"
Roommates ,1995,6.4,"1,694","Comedy,Drama,3 March 1995 (USA)
"
Monsieur Lazhar ,2011,7.5,"18,803","Comedy,Drama,12 April 2012 (Germany)
"
Afterglow ,1997,6.1,"3,205","Comedy,Drama,Romance,20 March 1998 (USA)
"
Chico & Rita ,2010,7.2,"8,449","Animation,Crime,Drama,30 August 2012 (Germany)
"
Mr. Saturday Night ,1992,5.9,"4,387","Comedy,Drama,25 September 1992 (USA)
"
Strawberry and Chocolate ,1993,7.4,"5,182","Comedy,Drama,Romance,20 January 1995 (USA)
"
For the Boys ,1991,6.4,"4,992","Comedy,Drama,Music,27 November 1991 (USA)
"
Paradise Now ,2005,7.4,"22,042","Crime,Drama,Thriller,18 November 2005 (USA)
"
Love Field ,1992,6.6,"3,541","Drama,12 February 1993 (USA)
"
Nirgendwo in Afrika ,2001,7.5,"12,150","Biography,Drama,History,16 May 2003 (USA)
"
Vatel ,2000,6.6,"7,224","Biography,Drama,Romance,31 May 2001 (Germany)
"
Mr. & Mrs. Bridge ,1990,6.6,"2,747","Drama,1 November 1990 (Germany)
"
Oscar and Lucinda ,1997,6.6,"6,346","Drama,Romance,31 December 1997 (USA)
"
Frozen River ,2008,7.1,"24,247","Crime,Drama,5 September 2008 (USA)
"
The Wild Thornberrys ,2002,5.6,"13,843","Animation,Adventure,Comedy,20 December 2002 (USA)
"
The Affair of the Necklace ,2001,6.1,"4,963","Drama,History,Romance,7 December 2001 (USA)
"
Topsy-Turvy ,1999,7.3,"11,438","Biography,Comedy,Drama,11 February 2000 (USA)
"
Ulee's Gold ,1997,7.0,"6,640","Drama,18 July 1997 (USA)
"
Tumbleweeds ,1999,6.7,"3,186","Comedy,Drama,3 March 2000 (UK)
"
Snow Falling on Cedars ,1999,6.7,"13,499","Drama,Mystery,Romance,7 January 2000 (USA)
"
A Better Life ,2011,7.2,"15,034","Drama,Romance,28 July 2011 (Thailand)
"
Timbuktu ,2014,7.1,"15,766","Drama,War,11 December 2014 (Germany)
"
Barney's Version ,2010,7.3,"23,676","Comedy,Drama,18 February 2011 (USA)
"
Being Julia ,2004,7.0,"11,846","Comedy,Drama,Romance,18 February 2005 (USA)
"
Pieces of April ,2003,7.0,"19,810","Comedy,Drama,28 November 2003 (USA)
"
Grand Canyon ,1991,6.9,"14,427","Crime,Drama,17 January 1992 (USA)
"
Vera Drake ,2004,7.6,"23,275","Crime,Drama,4 February 2005 (USA)
"
The Illusionist ,2010,7.5,"32,930","Animation,Drama,Family,11 February 2011 (USA)
"
Alice ,1990,6.6,"12,982","Comedy,Romance,28 February 1991 (Germany)
"
The Counterfeiters ,2007,7.6,"42,472","Crime,Drama,History,18 April 2008 (USA)
"
Ernest & Celestine ,2012,7.9,"17,577","Animation,Adventure,Comedy,28 February 2014 (USA)
"
The Apostle ,1997,7.2,"13,118","Drama,20 February 1998 (USA)
"
Enchanted April ,1991,7.3,"5,921","Drama,8 April 1993 (Germany)
"
Coco Before Chanel ,2009,6.7,"38,067","Biography,Drama,6 November 2009 (USA)
"
Maria Full of Grace ,2004,7.4,"33,534","Crime,Drama,6 August 2004 (USA)
"
Angels and Insects ,1995,6.8,"4,351","Drama,Romance,26 January 1996 (USA)
"
Mrs. Henderson Presents ,2005,7.0,"14,930","Comedy,Drama,Music,17 February 2006 (USA)
"
Away from Her ,2006,7.5,"21,038","Drama,25 May 2007 (USA)
"
As It Is in Heaven ,2004,7.5,"15,887","Comedy,Drama,Music,20 October 2005 (Germany)
"
Joyeux Noel ,2005,7.7,"26,964","Drama,History,Music,24 November 2005 (Germany)
"
Blue Sky ,1994,6.4,"6,618","Drama,Romance,16 September 1994 (USA)
"
Up Close & Personal ,1996,6.2,"13,204","Drama,Romance,1 March 1996 (USA)
"
Venus ,2006,7.1,"12,212","Comedy,Drama,Romance,16 February 2007 (USA)
"
The Contender ,2000,6.9,"22,336","Drama,Thriller,13 October 2000 (USA)
"
Another Year ,2010,7.3,"27,197","Comedy,Drama,4 February 2011 (USA)
"
The Quiet American ,2002,7.0,"26,806","Drama,Romance,Thriller,7 March 2003 (USA)
"
Junebug ,2005,6.9,"21,886","Comedy,Drama,16 September 2005 (USA)
"
Iris ,2001,7.0,"16,877","Biography,Drama,Romance,29 March 2002 (USA)
"
Sweet and Lowdown ,1999,7.2,"31,550","Comedy,Drama,Music,10 March 2000 (USA)
"
Reversal of Fortune ,1990,7.2,"14,114","Biography,Drama,Mystery,9 November 1990 (USA)
"
Hoffa ,1992,6.6,"20,853","Biography,Crime,Drama,25 December 1992 (USA)
"
Bulworth ,1998,6.8,"24,284","Comedy,Drama,Romance,22 May 1998 (USA)
"
In a Better World ,2010,7.6,"37,738","Drama,Romance,17 March 2011 (Germany)
"
Angela's Ashes ,1999,7.3,"19,746","Drama,21 January 2000 (USA)
"
The Grifters ,1990,6.9,"24,616","Crime,Drama,Thriller,25 January 1991 (USA)
"
The Cooler ,2003,6.9,"31,966","Drama,Romance,16 January 2004 (USA)
"
Dirty Pretty Things ,2002,7.3,"39,913","Crime,Drama,Thriller,5 September 2003 (USA)
"
Mrs. Brown ,1997,7.2,"13,102","Biography,Drama,History,3 October 1997 (USA)
"
Hamlet ,1990,6.7,"20,871","Drama,18 January 1991 (USA)
"
Transamerica ,2005,7.4,"39,830","Adventure,Comedy,Drama,3 March 2006 (USA)
"
Green Card ,1990,6.2,"21,921","Comedy,Drama,Romance,1 February 1991 (USA)
"
Lorenzo's Oil ,1992,7.3,"19,991","Drama,29 January 1993 (USA)
"
The Portrait of a Lady ,1996,6.2,"10,559","Drama,Romance,17 January 1997 (USA)
"
Mr. Turner ,2014,6.8,"23,778","Biography,Drama,History,6 November 2014 (Germany)
"
The Messenger ,2009,7.1,"33,383","Drama,Romance,War,4 December 2009 (USA)
"
Bullets Over Broadway ,1994,7.4,"34,559","Comedy,Crime,24 February 1995 (USA)
"
Persepolis ,2007,8.0,"86,323","Animation,Biography,Drama,22 February 2008 (USA)
"
Babe: Pig in the City ,1998,5.7,"30,908","Adventure,Comedy,Drama,25 November 1998 (USA)
"
Albert Nobbs ,2011,6.7,"22,989","Drama,Romance,26 September 2013 (Germany)
"
After the Wedding ,2006,7.7,"30,967","Drama,11 May 2007 (USA)
"
Richard III ,1995,7.4,"13,476","Drama,Sci-Fi,War,29 December 1995 (USA)
"
The 100 Year-Old Man Who Climbed Out the Window and Disappeared ,2013,7.1,"37,368","Adventure,Comedy,8 May 2015 (USA)
"
Titus ,1999,7.1,"19,347","Drama,History,Thriller,11 February 2000 (USA)
"
Shadowlands ,1993,7.3,"16,570","Biography,Drama,Romance,14 January 1994 (USA)
"
Bright Star ,2009,6.9,"24,838","Biography,Drama,Romance,9 October 2009 (USA)
"
Pollock ,2000,7.0,"26,391","Biography,Drama,23 March 2001 (USA)
"
Rabbit Hole ,2010,7.0,"46,508","Drama,28 January 2011 (USA)
"
The Broken Circle Breakdown ,2012,7.8,"38,339","Drama,Music,Romance,25 April 2013 (Germany)
"
Quest for Camelot ,1998,6.3,"14,323","Animation,Adventure,Comedy,15 May 1998 (USA)
"
45 Years ,2015,7.1,"29,964","Drama,Romance,10 September 2015 (Germany)
"
Junior ,1994,4.6,"63,545","Comedy,Romance,Sci-Fi,23 November 1994 (USA)
"
Wonder Boys ,2000,7.3,"60,250","Comedy,Drama,25 February 2000 (USA)
"
Shine ,1996,7.7,"50,231","Biography,Drama,Music,14 February 1997 (USA)
"
Lone Star ,1996,7.4,"27,337","Drama,Mystery,21 June 1996 (USA)
"
Whale Rider ,2002,7.5,"38,676","Drama,Family,29 August 2003 (USA)
"
The Prince of Tides ,1991,6.7,"15,608","Drama,Romance,25 December 1991 (USA)
"
Anonymous ,2011,6.9,"38,802","Drama,Thriller,10 November 2011 (Germany)
"
Beyond the Lights ,2014,6.9,"14,810","Drama,Music,Romance,14 November 2014 (USA)
"
Mighty Aphrodite ,1995,7.0,"37,150","Comedy,Fantasy,Romance,10 November 1995 (USA)
"
Nixon ,1995,7.1,"28,073","Biography,Drama,History,5 January 1996 (USA)
"
102 Dalmatians ,2000,4.9,"33,816","Adventure,Comedy,Family,22 November 2000 (USA)
"
Hustle & Flow ,2005,7.3,"37,977","Crime,Drama,Music,22 July 2005 (USA)
"
Six Degrees of Separation ,1993,6.8,"19,287","Comedy,Drama,Mystery,8 December 1993 (USA)
"
Evita ,1996,6.3,"33,267","Biography,Drama,History,10 January 1997 (USA)
"
Beloved ,1998,6.0,"6,941","Drama,History,Horror,16 October 1998 (USA)
"
Before Night Falls ,2000,7.2,"23,532","Biography,Drama,Romance,23 February 2001 (USA)
"
Henry & June ,1990,6.3,"12,076","Biography,Drama,5 October 1990 (USA)
"
Toni Erdmann ,2016,7.4,"42,341","Comedy,Drama,25 December 2016 (USA)
"
Marvin's Room ,1996,6.7,"24,867","Drama,28 February 1997 (USA)
"
Mandela: Long Walk to Freedom ,2013,7.1,"25,917","Biography,Drama,History,25 December 2013 (USA)
"
ParaNorman ,2012,7.0,"91,343","Animation,Adventure,Comedy,17 August 2012 (USA)
"
The Kite Runner ,2007,7.6,"76,304","Drama,11 January 2008 (USA)
"
Secrets & Lies ,1996,8.0,"35,808","Comedy,Drama,28 February 1997 (USA)
"
The Sweet Hereafter ,1997,7.5,"31,215","Drama,21 November 1997 (USA)
"
Nobody's Fool ,1994,7.4,"17,908","Comedy,Drama,13 January 1995 (USA)
"
Bugsy ,1991,6.8,"25,274","Biography,Crime,Drama,20 December 1991 (USA)
"
Beethoven's 2nd ,1993,4.9,"25,086","Comedy,Family,Romance,17 December 1993 (USA)
"
Victoria & Abdul ,2017,6.8,"30,156","Biography,Drama,History,6 October 2017 (USA)
"
Rachel Getting Married ,2008,6.7,"46,598","Drama,Romance,2 April 2009 (Germany)
"
Jimmy Neutron: Boy Genius ,2001,6.0,"29,849","Animation,Action,Adventure,21 December 2001 (USA)
"
The Red Violin ,1998,7.6,"31,044","Drama,Music,Mystery,11 June 1999 (USA)
"
In the Loop ,2009,7.4,"53,321","Comedy,4 September 2009 (USA)
"
The Ghost and the Darkness ,1996,6.8,"54,974","Adventure,Drama,Thriller,11 October 1996 (USA)
"
Quiz Show ,1994,7.5,"63,129","Biography,Drama,History,7 October 1994 (USA)
"
Mirai ,2018,7.0,"10,927","Animation,Adventure,Drama,30 May 2019 (Germany)
"
Don Juan DeMarco ,1994,6.7,"47,103","Comedy,Drama,Romance,7 April 1995 (USA)
"
Surf's Up ,2007,6.7,"66,885","Animation,Comedy,Family,8 June 2007 (USA)
"
Mr. Holland's Opus ,1995,7.3,"34,708","Drama,Music,19 January 1996 (USA)
"
Young Guns II ,1990,6.5,"30,087","Action,Western,1 August 1990 (USA)
"
The Salesman ,2016,7.8,"47,713","Drama,Thriller,2 February 2017 (Germany)
"
You Can Count on Me ,2000,7.5,"27,331","Drama,22 December 2000 (USA)
"
A Royal Affair ,2012,7.5,"42,925","Biography,Drama,History,19 April 2012 (Germany)
"
Philomena ,2013,7.6,"92,131","Biography,Comedy,Drama,27 November 2013 (USA)
"
A Simple Plan ,1998,7.5,"61,487","Crime,Drama,Thriller,22 January 1999 (USA)
"
In & Out ,1997,6.4,"37,692","Comedy,Romance,19 September 1997 (USA)
"
Puss in Boots ,2011,6.6,"140,470","Animation,Adventure,Comedy,28 October 2011 (USA)
"
About Schmidt ,2002,7.1,"120,609","Comedy,Drama,3 January 2003 (USA)
"
Poetic Justice ,1993,6.1,"12,218","Drama,Romance,23 July 1993 (USA)
"
Kate & Leopold ,2001,6.4,"77,341","Comedy,Fantasy,Romance,25 December 2001 (USA)
"
Flatliners ,1990,6.6,"77,943","Drama,Horror,Sci-Fi,10 August 1990 (USA)
"
Crazy Heart ,2009,7.2,"82,391","Drama,Music,Romance,5 February 2010 (USA)
"
Seabiscuit ,2003,7.3,"65,086","Drama,History,Sport,25 July 2003 (USA)
"
Wag the Dog ,1997,7.2,"77,206","Comedy,Drama,9 January 1998 (USA)
"
A Mighty Wind ,2003,7.2,"25,183","Comedy,Music,9 May 2003 (USA)
"
The People vs. Larry Flynt ,1996,7.3,"85,934","Biography,Drama,10 January 1997 (USA)
"
House of Sand and Fog ,2003,7.5,"63,931","Crime,Drama,9 January 2004 (USA)
"
What's Love Got to Do with It ,1993,7.3,"16,416","Biography,Drama,Music,25 June 1993 (USA)
"
The Sessions ,2012,7.2,"40,695","Biography,Comedy,Drama,16 November 2012 (USA)
"
Gods and Monsters ,1998,7.4,"28,609","Biography,Drama,4 November 1998 (USA)
"
Quills ,2000,7.3,"50,630","Biography,Drama,25 December 2000 (USA)
"
Extremely Loud & Incredibly Close ,2011,6.9,"96,095","Adventure,Drama,Mystery,20 January 2012 (USA)
"
Nell ,1994,6.5,"26,662","Drama,23 December 1994 (USA)
"
Girl with a Pearl Earring ,2003,6.9,"70,749","Biography,Drama,Romance,30 January 2004 (USA)
"
Still Alice ,2014,7.5,"123,408","Drama,20 February 2015 (USA)
"
The Commitments ,1991,7.6,"31,274","Comedy,Drama,Music,13 September 1991 (USA)
"
Rob Roy ,1995,6.9,"39,740","Adventure,Biography,Drama,14 April 1995 (USA)
"
Short Cuts ,1993,7.7,"41,277","Comedy,Drama,6 January 1994 (Germany)
"
Damage ,1992,6.8,"15,811","Drama,Romance,22 January 1993 (USA)
"
Beginners ,2010,7.2,"86,287","Comedy,Drama,Romance,9 June 2011 (Germany)
"
An Education ,2009,7.3,"126,202","Drama,5 February 2010 (USA)
"
The Polar Express ,2004,6.6,"166,690","Animation,Adventure,Comedy,10 November 2004 (USA)
"
Amour ,2012,7.9,"90,312","Drama,Romance,20 September 2012 (Germany)
"
The First Wives Club ,1996,6.4,"41,660","Comedy,20 September 1996 (USA)
"
All Is Lost ,2013,6.9,"74,291","Action,Adventure,Drama,9 January 2014 (Germany)
"
The Nutty Professor ,1996,5.6,"107,157","Comedy,Romance,Sci-Fi,28 June 1996 (USA)
"
The Full Monty ,1997,7.2,"96,669","Comedy,Drama,19 September 1997 (USA)
"
Hamlet ,1996,7.7,"35,334","Drama,25 December 1996 (USA)
"
Dead Man Walking ,1995,7.5,"86,418","Crime,Drama,2 February 1996 (USA)
"
Monster House ,2006,6.6,"96,458","Animation,Adventure,Comedy,21 July 2006 (USA)
"
Chaplin ,1992,7.6,"51,958","Biography,Comedy,Drama,8 January 1993 (USA)
"
The Cider House Rules ,1999,7.4,"91,229","Drama,Romance,7 January 2000 (USA)
"
Anomalisa ,2015,7.3,"62,760","Animation,Comedy,Drama,21 January 2016 (Germany)
"
Loving Vincent ,2017,7.8,"47,182","Animation,Biography,Crime,22 September 2017 (USA)
"
The Hurricane ,1999,7.6,"89,535","Biography,Drama,Sport,14 January 2000 (USA)
"
The Book Thief ,2013,7.6,"124,420","Drama,War,27 November 2013 (USA)
"
Anna and the King ,1999,6.7,"35,117","Drama,History,Romance,17 December 1999 (USA)
"
The Ides of March ,2011,7.1,"211,701","Drama,Thriller,7 October 2011 (USA)
"
Frida ,2002,7.4,"78,662","Biography,Drama,Romance,22 November 2002 (USA)
"
Lars and the Real Girl ,2007,7.3,"135,697","Comedy,Drama,Romance,2 November 2007 (USA)
"
Mary Shelley's Frankenstein ,1994,6.4,"49,907","Drama,Horror,Romance,4 November 1994 (USA)
"
Letters from Iwo Jima ,2006,7.9,"151,219","Action,Adventure,Drama,2 February 2007 (USA)
"
Breakthrough ,2019,6.2,"7,432","Biography,Drama,17 April 2019 (USA)
"
20th Century Women ,2016,7.3,"37,592","Comedy,Drama,20 January 2017 (USA)
"
Awakenings ,1990,7.8,"119,283","Biography,Drama,11 January 1991 (USA)
"
The Remains of the Day ,1993,7.8,"63,161","Drama,Romance,19 November 1993 (USA)
"
A Little Princess ,1995,7.7,"31,138","Drama,Family,Fantasy,19 May 1995 (USA)
"
The Constant Gardener ,2005,7.4,"129,685","Drama,Mystery,Romance,31 August 2005 (USA)
"
The Player ,1992,7.5,"52,671","Comedy,Crime,Drama,8 May 1992 (USA)
"
The Squid and the Whale ,2005,7.3,"75,406","Comedy,Drama,16 December 2005 (USA)
"
The Boxtrolls ,2014,6.8,"53,129","Animation,Adventure,Comedy,26 September 2014 (USA)
"
Dave ,1993,6.8,"47,719","Comedy,Romance,7 May 1993 (USA)
"
The Last King of Scotland ,2006,7.7,"171,750","Biography,Drama,History,19 January 2007 (USA)
"
Jackie ,2016,6.7,"70,741","Biography,Drama,History,2 December 2016 (USA)
"
Hellboy II: The Golden Army ,2008,7.0,"251,195","Action,Adventure,Fantasy,11 July 2008 (USA)
"
Australia ,2008,6.6,"117,352","Adventure,Comedy,Drama,26 November 2008 (USA)
"
21 Grams ,2003,7.7,"220,127","Crime,Drama,Thriller,16 January 2004 (USA)
"
The New World ,2005,6.7,"81,364","Biography,Drama,History,20 January 2006 (USA)
"
Animal Kingdom ,2010,7.3,"53,593","Crime,Drama,3 June 2010 (Australia)
"
Jane Eyre ,2011,7.3,"78,854","Drama,Romance,22 April 2011 (USA)
"
Dancer in the Dark ,2000,8.0,"99,192","Crime,Drama,Musical,6 October 2000 (USA)
"
The Black Dahlia ,2006,5.6,"70,320","Crime,Drama,Mystery,15 September 2006 (USA)
"
Corpus Christi ,2019,7.6,"7,377","Drama,28 February 2020 (USA)
"
Out of Sight ,1998,7.0,"82,917","Comedy,Crime,Drama,26 June 1998 (USA)
"
Milk ,2008,7.5,"161,453","Biography,Drama,30 January 2009 (USA)
"
Across the Universe ,2007,7.3,"104,549","Drama,Fantasy,History,12 October 2007 (USA)
"
Space Cowboys ,2000,6.4,"71,835","Action,Adventure,Thriller,4 August 2000 (USA)
"
Capote ,2005,7.3,"122,386","Biography,Crime,Drama,3 February 2006 (USA)
"
At Eternity's Gate ,2018,6.9,"25,213","Biography,Drama,18 April 2019 (Germany)
"
Star Trek VI: The Undiscovered Country ,1991,7.2,"68,335","Action,Adventure,Sci-Fi,6 December 1991 (USA)
"
Heavenly Creatures ,1994,7.3,"57,785","Biography,Crime,Drama,12 January 1995 (Germany)
"
Life ,1999,6.8,"44,307","Comedy,Crime,Drama,16 April 1999 (USA)
"
What Dreams May Come ,1998,7.1,"100,079","Drama,Fantasy,Romance,2 October 1998 (USA)
"
The American President ,1995,6.8,"50,303","Comedy,Drama,Romance,17 November 1995 (USA)
"
Hotel Rwanda ,2004,8.1,"326,918","Biography,Drama,History,4 February 2005 (USA)
"
Memoirs of a Geisha ,2005,7.4,"135,707","Drama,Romance,23 December 2005 (USA)
"
The Muppets ,2011,7.1,"85,552","Adventure,Comedy,Family,23 November 2011 (USA)
"
Elizabeth: The Golden Age ,2007,6.8,"65,353","Biography,Drama,History,12 October 2007 (USA)
"
DragonHeart ,1996,6.5,"89,484","Action,Adventure,Fantasy,31 May 1996 (USA)
"
Julie & Julia ,2009,7.0,"103,682","Biography,Drama,Romance,7 August 2009 (USA)
"
Patch Adams ,1998,6.8,"100,773","Biography,Comedy,Drama,25 December 1998 (USA)
"
How to Train Your Dragon 2 ,2014,7.8,"295,965","Animation,Action,Adventure,13 June 2014 (USA)
"
Glengarry Glen Ross ,1992,7.7,"92,936","Crime,Drama,Mystery,2 October 1992 (USA)
"
The Croods ,2013,7.2,"185,249","Animation,Action,Adventure,22 March 2013 (USA)
"
Ferdinand ,2017,6.7,"45,620","Animation,Adventure,Comedy,15 December 2017 (USA)
"
August: Osage County ,2013,7.2,"82,696","Comedy,Drama,10 January 2014 (USA)
"
Precious ,2009,7.3,"103,549","Drama,20 November 2009 (USA)
"
Stuart Little ,1999,5.9,"122,355","Adventure,Comedy,Family,17 December 1999 (USA)
"
Sexy Beast ,2000,7.3,"53,346","Crime,Drama,Thriller,13 July 2001 (USA)
"
Shark Tale ,2004,6.0,"162,650","Animation,Adventure,Comedy,1 October 2004 (USA)
"
Cinderella Man ,2005,8.0,"172,470","Biography,Drama,History,3 June 2005 (USA)
"
Election ,1999,7.2,"87,222","Comedy,Drama,Romance,7 May 1999 (USA)
"
Something's Gotta Give ,2003,6.7,"109,076","Comedy,Drama,Romance,12 December 2003 (USA)
"
The Insider ,1999,7.8,"155,915","Biography,Drama,Thriller,5 November 1999 (USA)
"
The Bridges of Madison County ,1995,7.6,"70,260","Drama,Romance,2 June 1995 (USA)
"
I Am Sam ,2001,7.7,"140,401","Drama,25 January 2002 (USA)
"
Days of Thunder ,1990,6.0,"76,375","Action,Drama,Sport,27 June 1990 (USA)
"
Shakespeare in Love ,1998,7.1,"209,638","Comedy,Drama,History,8 January 1999 (USA)
"
The Prince of Egypt ,1998,7.1,"114,694","Animation,Adventure,Drama,18 December 1998 (USA)
"
My Best Friend's Wedding ,1997,6.3,"124,710","Comedy,Drama,Romance,20 June 1997 (USA)
"
War Horse ,2011,7.2,"143,114","Action,Adventure,Drama,25 December 2011 (USA)
"
Missing Link ,2019,6.7,"19,124","Animation,Adventure,Comedy,12 April 2019 (USA)
"
The Wind Rises ,2013,7.8,"68,485","Animation,Biography,Drama,21 February 2014 (USA)
"
Corpse Bride ,2005,7.3,"235,430","Animation,Drama,Family,23 September 2005 (USA)
"
Emma ,1996,6.6,"34,899","Comedy,Drama,Romance,30 August 1996 (USA)
"
Ghost World ,2001,7.3,"110,941","Comedy,Drama,21 September 2001 (USA)
"
Border ,2018,7.0,"21,534","Crime,Drama,Fantasy,26 October 2018 (USA)
"
The Piano ,1993,7.6,"76,758","Drama,Music,Romance,11 February 1994 (USA)
"
Dreamgirls ,2006,6.5,"67,068","Drama,Music,Musical,25 December 2006 (USA)
"
The Duchess ,2008,6.9,"76,365","Biography,Drama,History,10 October 2008 (USA)
"
The Lego Movie ,2014,7.7,"317,440","Animation,Action,Adventure,7 February 2014 (USA)
"
Sideways ,2004,7.5,"175,868","Comedy,Drama,Romance,21 January 2005 (USA)
"
Rise of the Planet of the Apes ,2011,7.6,"488,189","Action,Drama,Sci-Fi,5 August 2011 (USA)
"
The Adventures of Tintin ,2011,7.3,"211,733","Animation,Action,Adventure,21 December 2011 (USA)
"
The Firm ,1993,6.8,"113,159","Drama,Mystery,Thriller,30 June 1993 (USA)
"
The Illusionist ,2006,7.6,"348,716","Drama,Fantasy,History,1 September 2006 (USA)
"
Little Children ,2006,7.5,"103,243","Comedy,Drama,Romance,9 February 2007 (USA)
"
Margin Call ,2011,7.1,"112,869","Drama,Thriller,29 September 2011 (Germany)
"
Unstoppable ,2010,6.8,"180,447","Action,Thriller,12 November 2010 (USA)
"
Before Sunset ,2004,8.0,"225,410","Drama,Romance,30 July 2004 (USA)
"
JFK ,1991,8.0,"137,140","Drama,History,Thriller,20 December 1991 (USA)
"
The Lone Ranger ,2013,6.4,"216,752","Action,Adventure,Western,3 July 2013 (USA)
"
Marie Antoinette ,2006,6.4,"97,684","Biography,Drama,History,20 October 2006 (USA)
"
Boys Don't Cry ,1999,7.5,"90,401","Biography,Crime,Drama,31 March 2000 (USA)
"
Clear and Present Danger ,1994,6.9,"86,633","Action,Crime,Drama,3 August 1994 (USA)
"
The Bodyguard ,1992,6.3,"115,083","Action,Drama,Music,25 November 1992 (USA)
"
Christopher Robin ,2018,7.3,"64,624","Comedy,Drama,Family,3 August 2018 (USA)
"
Adaptation. ,2002,7.7,"172,391","Comedy,Drama,14 February 2003 (USA)
"
Klaus ,2019,8.2,"70,802","Animation,Adventure,Comedy,15 November 2019 (USA)
"
Fences ,2016,7.2,"94,216","Drama,25 December 2016 (USA)
"
Before Midnight ,2013,7.9,"134,290","Drama,Romance,14 June 2013 (USA)
"
Ice Age ,2002,7.5,"428,006","Animation,Adventure,Comedy,15 March 2002 (USA)
"
Pleasantville ,1998,7.5,"118,826","Comedy,Drama,Fantasy,23 October 1998 (USA)
"
In the Line of Fire ,1993,7.2,"89,574","Action,Crime,Drama,9 July 1993 (USA)
"
City Slickers ,1991,6.7,"46,641","Comedy,Western,7 June 1991 (USA)
"
The Golden Compass ,2007,6.1,"175,740","Adventure,Family,Fantasy,7 December 2007 (USA)
"
Master and Commander: The Far Side of the World ,2003,7.4,"196,660","Action,Adventure,Drama,14 November 2003 (USA)
"
The Perfect Storm ,2000,6.4,"152,693","Action,Adventure,Drama,30 June 2000 (USA)
"
Geronimo: An American Legend ,1993,6.5,"8,659","Drama,History,Western,10 December 1993 (USA)
"
"Roman J. Israel, Esq. ",2017,6.5,"29,725","Crime,Drama,Thriller,22 November 2017 (USA)
"
The Imaginarium of Doctor Parnassus ,2009,6.8,"142,285","Adventure,Comedy,Fantasy,8 January 2010 (USA)
"
Snow White and the Huntsman ,2012,6.1,"267,486","Action,Adventure,Drama,1 June 2012 (USA)
"
Wild ,2014,7.1,"116,471","Biography,Drama,19 December 2014 (USA)
"
Charlie Wilson's War ,2007,7.0,"107,609","Biography,Comedy,Drama,21 December 2007 (USA)
"
Wyatt Earp ,1994,6.7,"44,172","Adventure,Biography,Crime,24 June 1994 (USA)
"
Elizabeth ,1998,7.4,"90,456","Biography,Drama,History,19 February 1999 (USA)
"
Chocolat ,2000,7.2,"174,346","Drama,Romance,19 January 2001 (USA)
"
Foxcatcher ,2014,7.0,"131,451","Biography,Drama,Sport,16 January 2015 (USA)
"
127 Hours ,2010,7.6,"339,771","Biography,Drama,28 January 2011 (USA)
"
All the Money in the World ,2017,6.8,"69,699","Biography,Crime,Drama,25 December 2017 (USA)
"
Mirror Mirror ,2012,5.6,"82,344","Adventure,Comedy,Drama,30 March 2012 (USA)
"
Gone Baby Gone ,2007,7.6,"243,762","Crime,Drama,Mystery,19 October 2007 (USA)
"
Ali ,2001,6.8,"91,410","Biography,Drama,Sport,25 December 2001 (USA)
"
About a Boy ,2002,7.0,"167,765","Comedy,Drama,Romance,17 May 2002 (USA)
"
The Reader ,2008,7.6,"225,934","Drama,Romance,30 January 2009 (USA)
"
Carol ,2015,7.2,"110,143","Drama,Romance,15 January 2016 (USA)
"
Tarzan ,1999,7.3,"196,236","Animation,Adventure,Family,18 June 1999 (USA)
"
A River Runs Through It ,1992,7.2,"51,889","Drama,30 October 1992 (USA)
"
Leaving Las Vegas ,1995,7.5,"111,505","Drama,Romance,9 February 1996 (USA)
"
"I, Robot ",2004,7.1,"487,575","Action,Drama,Sci-Fi,16 July 2004 (USA)
"
Donnie Brasco ,1997,7.7,"268,432","Biography,Crime,Drama,28 February 1997 (USA)
"
Boyhood ,2014,7.9,"328,601","Drama,15 August 2014 (USA)
"
The Cell ,2000,6.3,"93,218","Horror,Sci-Fi,Thriller,18 August 2000 (USA)
"
Robin Hood: Prince of Thieves ,1991,6.9,"173,626","Action,Adventure,Drama,14 June 1991 (USA)
"
In the Name of the Father ,1993,8.1,"150,929","Biography,Drama,25 February 1994 (USA)
"
Addams Family Values ,1993,6.7,"76,143","Comedy,Fantasy,19 November 1993 (USA)
"
The English Patient ,1996,7.4,"174,099","Drama,Romance,War,6 December 1996 (USA)
"
Erin Brockovich ,2000,7.3,"168,976","Biography,Drama,17 March 2000 (USA)
"
Vicky Cristina Barcelona ,2008,7.1,"237,382","Comedy,Drama,Romance,15 August 2008 (USA)
"
The Mask of Zorro ,1998,6.7,"164,784","Action,Adventure,Comedy,17 July 1998 (USA)
"
Kung Fu Panda ,2008,7.5,"405,840","Animation,Action,Adventure,6 June 2008 (USA)
"
A Serious Man ,2009,7.0,"129,190","Comedy,Drama,6 November 2009 (USA)
"
"The Adventures of Priscilla, Queen of the Desert ",1994,7.4,"45,206","Comedy,Music,10 August 1994 (USA)
"
Cliffhanger ,1993,6.4,"116,583","Action,Adventure,Thriller,28 May 1993 (USA)
"
The Crying Game ,1992,7.2,"49,704","Crime,Drama,Romance,19 February 1993 (USA)
"
Pocahontas ,1995,6.7,"164,270","Animation,Adventure,Drama,23 June 1995 (USA)
"
The Hunchback of Notre Dame ,1996,6.9,"136,978","Animation,Drama,Family,21 June 1996 (USA)
"
Sense and Sensibility ,1995,7.6,"98,421","Drama,Romance,26 January 1996 (USA)
"
Toy Story 2 ,1999,7.9,"510,184","Animation,Adventure,Comedy,24 November 1999 (USA)
"
A History of Violence ,2005,7.4,"218,988","Drama,Thriller,30 September 2005 (USA)
"
Sabrina ,1995,6.3,"35,530","Comedy,Drama,Romance,15 December 1995 (USA)
"
Saving Mr. Banks ,2013,7.5,"147,864","Biography,Comedy,Drama,20 December 2013 (USA)
"
Walk the Line ,2005,7.8,"227,580","Biography,Drama,Music,18 November 2005 (USA)
"
Traffic ,2000,7.6,"192,012","Crime,Drama,Thriller,5 January 2001 (USA)
"
Road to Perdition ,2002,7.7,"240,707","Crime,Drama,Thriller,12 July 2002 (USA)
"
Inherent Vice ,2014,6.7,"91,151","Comedy,Crime,Drama,9 January 2015 (USA)
"
Ray ,2004,7.7,"134,984","Biography,Drama,Music,29 October 2004 (USA)
"
Treasure Planet ,2002,7.2,"98,074","Animation,Adventure,Family,27 November 2002 (USA)
"
The Thin Red Line ,1998,7.6,"167,916","Drama,War,15 January 1999 (USA)
"
The King's Speech ,2010,8.0,"623,744","Biography,Drama,History,25 December 2010 (USA)
"
Allied ,2016,7.1,"136,270","Action,Drama,Romance,23 November 2016 (USA)
"
Face/Off ,1997,7.3,"340,899","Action,Crime,Sci-Fi,27 June 1997 (USA)
"
Philadelphia ,1993,7.7,"217,555","Drama,14 January 1994 (USA)
"
Lilo & Stitch ,2002,7.2,"161,853","Animation,Adventure,Comedy,21 June 2002 (USA)
"
The Emperor's New Groove ,2000,7.3,"173,151","Animation,Adventure,Comedy,15 December 2000 (USA)
"
A Single Man ,2009,7.6,"103,549","Drama,Romance,5 February 2010 (USA)
"
Match Point ,2005,7.6,"201,348","Drama,Romance,Thriller,20 January 2006 (USA)
"
The Tree of Life ,2011,6.8,"164,120","Drama,Fantasy,16 June 2011 (Germany)
"
Sully ,2016,7.4,"226,012","Biography,Drama,9 September 2016 (USA)
"
The Judge ,2014,7.4,"171,528","Crime,Drama,10 October 2014 (USA)
"
Unfaithful ,2002,6.7,"77,622","Drama,Romance,Thriller,10 May 2002 (USA)
"
The Village ,2004,6.5,"237,060","Drama,Mystery,Thriller,30 July 2004 (USA)
"
Coraline ,2009,7.7,"188,742","Animation,Drama,Family,6 February 2009 (USA)
"
The Bourne Ultimatum ,2007,8.0,"594,824","Action,Mystery,Thriller,3 August 2007 (USA)
"
The Jungle Book ,2016,7.4,"252,857","Adventure,Drama,Family,15 April 2016 (USA)
"
Brave ,2012,7.1,"361,179","Animation,Adventure,Comedy,22 June 2012 (USA)
"
3:10 to Yuma ,2007,7.7,"281,392","Action,Adventure,Crime,7 September 2007 (USA)
"
Wreck-It Ralph ,2012,7.7,"368,253","Animation,Adventure,Comedy,2 November 2012 (USA)
"
The Two Popes ,2019,7.6,"94,117","Comedy,Drama,20 December 2019 (USA)
"
Silence ,2016,7.2,"95,752","Drama,History,13 January 2017 (USA)
"
Vanilla Sky ,2001,6.9,"242,623","Fantasy,Mystery,Romance,14 December 2001 (USA)
"
In Bruges ,2008,7.9,"380,676","Comedy,Crime,Drama,29 February 2008 (USA)
"
Into the Woods ,2014,5.9,"128,852","Adventure,Comedy,Drama,25 December 2014 (USA)
"
Michael Clayton ,2007,7.2,"153,185","Crime,Drama,Mystery,12 October 2007 (USA)
"
Dances with Wolves ,1990,8.0,"233,017","Adventure,Drama,Western,21 November 1990 (USA)
"
Alien 3 ,1992,6.5,"269,390","Action,Horror,Sci-Fi,22 May 1992 (USA)
"
Scent of a Woman ,1992,8.0,"248,902","Drama,8 January 1993 (USA)
"
Isle of Dogs ,2018,7.9,"129,866","Animation,Adventure,Comedy,13 April 2018 (USA)
"
Wild at Heart ,1990,7.2,"79,804","Comedy,Crime,Drama,17 August 1990 (USA)
"
The Birdcage ,1996,7.1,"77,223","Comedy,8 March 1996 (USA)
"
My Cousin Vinny ,1992,7.6,"102,499","Comedy,Crime,13 March 1992 (USA)
"
Tinker Tailor Soldier Spy ,2011,7.1,"182,211","Drama,Mystery,Thriller,6 January 2012 (USA)
"
Moulin Rouge! ,2001,7.6,"261,239","Drama,Musical,Romance,1 June 2001 (USA)
"
Click ,2006,6.4,"297,974","Comedy,Drama,Fantasy,23 June 2006 (USA)
"
Closer ,2004,7.2,"198,522","Drama,Romance,3 December 2004 (USA)
"
Flight ,2012,7.3,"317,180","Drama,Thriller,2 November 2012 (USA)
"
8 Mile ,2002,7.1,"242,705","Drama,Music,8 November 2002 (USA)
"
The Danish Girl ,2015,7.1,"157,908","Biography,Drama,Romance,22 January 2016 (USA)
"
How to Train Your Dragon ,2010,8.1,"645,947","Animation,Action,Adventure,26 March 2010 (USA)
"
The Aviator ,2004,7.5,"324,538","Biography,Drama,25 December 2004 (USA)
"
Superman Returns ,2006,6.0,"267,168","Action,Sci-Fi,28 June 2006 (USA)
"
"O Brother, Where Art Thou? ",2000,7.7,"276,538","Adventure,Comedy,Crime,2 February 2001 (USA)
"
War for the Planet of the Apes ,2017,7.4,"219,467","Action,Adventure,Drama,14 July 2017 (USA)
"
Jerry Maguire ,1996,7.3,"234,661","Comedy,Drama,Romance,13 December 1996 (USA)
"
How to Train Your Dragon: The Hidden World ,2019,7.5,"94,113","Animation,Action,Adventure,22 February 2019 (USA)
"
The Fighter ,2010,7.8,"331,515","Biography,Drama,Sport,17 December 2010 (USA)
"
Legends of the Fall ,1994,7.6,"142,848","Drama,Romance,War,13 January 1995 (USA)
"
American Gangster ,2007,7.8,"381,308","Biography,Crime,Drama,2 November 2007 (USA)
"
Blue Valentine ,2010,7.4,"179,265","Drama,Romance,28 January 2011 (USA)
"
Doubt ,2008,7.5,"118,851","Drama,Mystery,25 December 2008 (USA)
"
The Way Back ,2010,7.3,"107,212","Adventure,Drama,History,21 January 2011 (USA)
"
"Hail, Caesar! ",2016,6.3,"120,004","Comedy,Drama,Music,5 February 2016 (USA)
"
Chicago ,2002,7.1,"210,951","Comedy,Crime,Musical,24 January 2003 (USA)
"
Hugo ,2011,7.5,"297,422","Drama,Family,Fantasy,23 November 2011 (USA)
"
As Good as It Gets ,1997,7.7,"267,827","Comedy,Drama,Romance,25 December 1997 (USA)
"
Men in Black ,1997,7.3,"503,136","Action,Adventure,Comedy,2 July 1997 (USA)
"
Edward Scissorhands ,1990,7.9,"434,124","Drama,Fantasy,Romance,14 December 1990 (USA)
"
Thirteen ,2003,6.8,"78,155","Drama,19 September 2003 (USA)
"
Transformers: Dark of the Moon ,2011,6.2,"378,124","Action,Adventure,Sci-Fi,29 June 2011 (USA)
"
The Rock ,1996,7.4,"304,902","Action,Adventure,Thriller,7 June 1996 (USA)
"
Mary Queen of Scots ,2018,6.3,"35,824","Biography,Drama,History,21 December 2018 (USA)
"
Phantom Thread ,2017,7.5,"103,932","Drama,Romance,19 January 2018 (USA)
"
Trolls ,2016,6.5,"69,110","Animation,Adventure,Comedy,4 November 2016 (USA)
"
Pearl Harbor ,2001,6.2,"305,067","Action,Drama,History,25 May 2001 (USA)
"
Marshall ,2017,7.2,"17,315","Biography,Crime,Drama,13 October 2017 (USA)
"
Thelma & Louise ,1991,7.5,"130,923","Adventure,Crime,Drama,24 May 1991 (USA)
"
Four Weddings and a Funeral ,1994,7.0,"134,551","Comedy,Drama,Romance,15 April 1994 (USA)
"
Wanted ,2008,6.7,"353,133","Action,Crime,Fantasy,27 June 2008 (USA)
"
Downfall ,2004,8.2,"321,996","Biography,Drama,History,8 April 2005 (USA)
"
Unbroken ,2014,7.2,"140,889","Biography,Drama,Sport,25 December 2014 (USA)
"
King Kong ,2005,7.2,"382,091","Action,Adventure,Drama,14 December 2005 (USA)
"
"Monsters, Inc. ",2001,8.0,"788,177","Animation,Adventure,Comedy,2 November 2001 (USA)
"
The Last of the Mohicans ,1992,7.7,"144,148","Action,Adventure,Drama,25 September 1992 (USA)
"
Little Miss Sunshine ,2006,7.8,"428,336","Comedy,Drama,18 August 2006 (USA)
"
Straight Outta Compton ,2015,7.9,"174,539","Biography,Drama,History,14 August 2015 (USA)
"
District 9 ,2009,7.9,"626,895","Action,Sci-Fi,Thriller,14 August 2009 (USA)
"
A Bug's Life ,1998,7.2,"259,465","Animation,Adventure,Comedy,25 November 1998 (USA)
"
Sherlock Holmes ,2009,7.6,"570,610","Action,Adventure,Mystery,25 December 2009 (USA)
"
Batman Forever ,1995,5.4,"229,755","Action,Adventure,16 June 1995 (USA)
"
Alice in Wonderland ,2010,6.4,"374,289","Adventure,Family,Fantasy,5 March 2010 (USA)
"
Anna Karenina ,2012,6.6,"89,127","Drama,Romance,6 December 2012 (Germany)
"
Deepwater Horizon ,2016,7.1,"144,890","Action,Drama,History,30 September 2016 (USA)
"
The Lovely Bones ,2009,6.7,"153,224","Drama,Fantasy,Thriller,15 January 2010 (USA)
"
The Pursuit of Happyness ,2006,8.0,"432,444","Biography,Drama,15 December 2006 (USA)
"
Aladdin ,1992,8.0,"359,691","Animation,Adventure,Comedy,25 November 1992 (USA)
"
WALL·E ,2008,8.4,"965,793","Animation,Adventure,Family,27 June 2008 (USA)
"
Shrek ,2001,7.8,"595,412","Animation,Adventure,Comedy,18 May 2001 (USA)
"
Interview with the Vampire: The Vampire Chronicles ,1994,7.6,"287,060","Drama,Horror,11 November 1994 (USA)
"
Gravity ,2013,7.7,"749,932","Drama,Sci-Fi,Thriller,4 October 2013 (USA)
"
Shrek 2 ,2004,7.2,"406,707","Animation,Adventure,Comedy,19 May 2004 (USA)
"
"Girl, Interrupted ",1999,7.3,"158,726","Biography,Drama,14 January 2000 (USA)
"
Hell or High Water ,2016,7.6,"195,124","Action,Crime,Drama,26 August 2016 (USA)
"
The Last Samurai ,2003,7.7,"388,505","Action,Drama,War,5 December 2003 (USA)
"
The Hunt ,2012,8.3,"265,597","Drama,28 March 2013 (Germany)
"
Loving ,2016,7.0,"30,272","Biography,Drama,Romance,4 November 2016 (USA)
"
The Town ,2010,7.5,"340,115","Crime,Drama,Thriller,17 September 2010 (USA)
"
Wonder ,2017,8.0,"130,762","Drama,Family,17 November 2017 (USA)
"
Incredibles 2 ,2018,7.6,"235,229","Animation,Action,Adventure,15 June 2018 (USA)
"
Ralph Breaks the Internet ,2018,7.1,"120,866","Animation,Adventure,Comedy,21 November 2018 (USA)
"
Bridge of Spies ,2015,7.6,"278,187","Drama,History,Thriller,16 October 2015 (USA)
"
Lost in Translation ,2003,7.7,"397,564","Comedy,Drama,3 October 2003 (USA)
"
Trainspotting ,1996,8.1,"618,934","Drama,9 August 1996 (USA)
"
Armageddon ,1998,6.7,"387,382","Action,Adventure,Sci-Fi,1 July 1998 (USA)
"
If Beale Street Could Talk ,2018,7.1,"37,993","Drama,Romance,25 December 2018 (USA)
"
Austin Powers: The Spy Who Shagged Me ,1999,6.6,"212,183","Action,Adventure,Comedy,11 June 1999 (USA)
"
The Hobbit: The Battle of the Five Armies ,2014,7.4,"460,763","Adventure,Fantasy,17 December 2014 (USA)
"
Darkest Hour ,2017,7.4,"162,405","Biography,Drama,Family,22 December 2017 (USA)
"
Amélie ,2001,8.3,"685,533","Comedy,Romance,8 February 2002 (USA)
"
Tangled ,2010,7.7,"392,411","Animation,Adventure,Comedy,24 November 2010 (USA)
"
Passengers ,2016,7.0,"336,205","Drama,Romance,Sci-Fi,21 December 2016 (USA)
"
War of the Worlds ,2005,6.5,"405,867","Adventure,Sci-Fi,Thriller,29 June 2005 (USA)
"
Mary Poppins Returns ,2018,6.7,"71,731","Comedy,Family,Fantasy,19 December 2018 (USA)
"
Iron Man 2 ,2010,7.0,"700,559","Action,Adventure,Sci-Fi,7 May 2010 (USA)
"
The Florida Project ,2017,7.6,"87,011","Drama,15 March 2018 (Germany)
"
The Princess and the Frog ,2009,7.1,"118,545","Animation,Adventure,Comedy,11 December 2009 (USA)
"
Boyz n the Hood ,1991,7.7,"120,073","Crime,Drama,12 July 1991 (USA)
"
Training Day ,2001,7.7,"377,484","Crime,Drama,Thriller,5 October 2001 (USA)
"
Warrior ,2011,8.2,"424,012","Drama,Sport,9 September 2011 (USA)
"
The Lost World: Jurassic Park ,1997,6.6,"366,820","Action,Adventure,Sci-Fi,23 May 1997 (USA)
"
Cinderella ,2015,6.9,"153,968","Drama,Family,Fantasy,13 March 2015 (USA)
"
Toy Story ,1995,8.3,"856,259","Animation,Adventure,Comedy,22 November 1995 (USA)
"
Cast Away ,2000,7.8,"505,031","Adventure,Drama,Romance,22 December 2000 (USA)
"
The Incredibles ,2004,8.0,"637,829","Animation,Action,Adventure,5 November 2004 (USA)
"
13 Hours ,2016,7.3,"113,215","Action,Drama,History,15 January 2016 (USA)
"
Hook ,1991,6.8,"227,449","Adventure,Comedy,Family,11 December 1991 (USA)
"
Malena ,2000,7.5,"86,488","Comedy,Drama,Romance,2 February 2001 (USA)
"
The Godfather: Part III ,1990,7.6,"346,793","Crime,Drama,25 December 1990 (USA)
"
Star Trek Beyond ,2016,7.1,"221,071","Action,Adventure,Sci-Fi,22 July 2016 (USA)
"
Trumbo ,2015,7.5,"73,606","Biography,Drama,27 November 2015 (USA)
"
Apollo 13 ,1995,7.6,"259,867","Adventure,Drama,History,30 June 1995 (USA)
"
Brokeback Mountain ,2005,7.7,"314,515","Drama,Romance,13 January 2006 (USA)
"
Pretty Woman ,1990,7.0,"278,540","Comedy,Romance,23 March 1990 (USA)
"
Crash ,2004,7.8,"413,128","Crime,Drama,Thriller,6 May 2005 (USA)
"
"I, Tonya ",2017,7.5,"169,819","Biography,Comedy,Drama,19 January 2018 (USA)
"
Bram Stoker's Dracula ,1992,7.4,"185,197","Horror,13 November 1992 (USA)
"
A Beautiful Mind ,2001,8.2,"819,954","Biography,Drama,4 January 2002 (USA)
"
Black Hawk Down ,2001,7.7,"355,588","Drama,History,War,18 January 2002 (USA)
"
True Lies ,1994,7.2,"230,836","Action,Comedy,Thriller,15 July 1994 (USA)
"
Skyfall ,2012,7.7,"616,799","Action,Adventure,Thriller,9 November 2012 (USA)
"
Moneyball ,2011,7.6,"349,341","Biography,Drama,Sport,23 September 2011 (USA)
"
Silver Linings Playbook ,2012,7.7,"646,950","Comedy,Drama,Romance,25 December 2012 (USA)
"
Atonement ,2007,7.8,"241,014","Drama,Mystery,Romance,11 January 2008 (USA)
"
American Sniper ,2014,7.3,"425,344","Action,Biography,Drama,16 January 2015 (USA)
"
Kong: Skull Island ,2017,6.6,"259,258","Action,Adventure,Fantasy,10 March 2017 (USA)
"
What's Eating Gilbert Grape ,1993,7.8,"208,206","Drama,4 March 1994 (USA)
"
Joy ,2015,6.6,"124,514","Biography,Drama,25 December 2015 (USA)
"
The Imitation Game ,2014,8.0,"660,615","Biography,Drama,Thriller,25 December 2014 (USA)
"
Frozen ,2013,7.4,"556,161","Animation,Adventure,Comedy,27 November 2013 (USA)
"
The Blind Side ,2009,7.6,"283,020","Biography,Drama,Sport,20 November 2009 (USA)
"
Life Is Beautiful ,1997,8.6,"598,936","Comedy,Drama,Romance,12 February 1999 (USA)
"
12 Monkeys ,1995,8.0,"564,438","Mystery,Sci-Fi,Thriller,5 January 1996 (USA)
"
Nocturnal Animals ,2016,7.5,"226,153","Drama,Thriller,9 December 2016 (USA)
"
The Post ,2017,7.2,"127,099","Biography,Drama,History,12 January 2018 (USA)
"
Midnight in Paris ,2011,7.7,"375,377","Comedy,Fantasy,Romance,10 June 2011 (USA)
"
Birdman or (The Unexpected Virtue of Ignorance) ,2014,7.7,"560,359","Comedy,Drama,14 November 2014 (USA)
"
Pirates of the Caribbean: Dead Man's Chest ,2006,7.3,"640,036","Action,Adventure,Fantasy,7 July 2006 (USA)
"
Star Wars: Episode II - Attack of the Clones ,2002,6.5,"620,700","Action,Adventure,Fantasy,16 May 2002 (USA)
"
The Sixth Sense ,1999,8.1,"887,301","Drama,Mystery,Thriller,6 August 1999 (USA)
"
Cars ,2006,7.1,"354,137","Animation,Comedy,Family,9 June 2006 (USA)
"
Life of Pi ,2012,7.9,"565,939","Adventure,Drama,Fantasy,21 November 2012 (USA)
"
Total Recall ,1990,7.5,"291,874","Action,Sci-Fi,Thriller,1 June 1990 (USA)
"
The Hunt for Red October ,1990,7.6,"173,183","Action,Adventure,Thriller,2 March 1990 (USA)
"
Pirates of the Caribbean: At World's End ,2007,7.1,"581,372","Action,Adventure,Fantasy,25 May 2007 (USA)
"
Tropic Thunder ,2008,7.0,"369,270","Action,Comedy,War,13 August 2008 (USA)
"
Pride & Prejudice ,2005,7.8,"244,187","Drama,Romance,23 November 2005 (USA)
"
First Man ,2018,7.3,"154,701","Biography,Drama,History,12 October 2018 (USA)
"
The Girl with the Dragon Tattoo ,2011,7.8,"408,187","Crime,Drama,Mystery,21 December 2011 (USA)
"
Children of Men ,2006,7.9,"451,291","Drama,Sci-Fi,Thriller,5 January 2007 (USA)
"
Waterworld ,1995,6.2,"175,295","Action,Adventure,Sci-Fi,28 July 1995 (USA)
"
Spectre ,2015,6.8,"373,321","Action,Adventure,Thriller,6 November 2015 (USA)
"
The Shape of Water ,2017,7.3,"352,350","Adventure,Drama,Fantasy,22 December 2017 (USA)
"
Hidden Figures ,2016,7.8,"190,232","Biography,Drama,History,6 January 2017 (USA)
"
Mulholland Drive ,2001,8.0,"308,926","Drama,Mystery,Thriller,19 October 2001 (USA)
"
Captain Fantastic ,2016,7.9,"179,034","Comedy,Drama,29 July 2016 (USA)
"
Unforgiven ,1992,8.2,"363,141","Drama,Western,7 August 1992 (USA)
"
True Grit ,2010,7.6,"301,576","Drama,Western,22 December 2010 (USA)
"
"The Chronicles of Narnia: The Lion, the Witch and the Wardrobe ",2005,6.9,"356,310","Adventure,Family,Fantasy,9 December 2005 (USA)
"
Zero Dark Thirty ,2012,7.4,"263,958","Drama,History,Thriller,11 January 2013 (USA)
"
The Hurt Locker ,2008,7.6,"411,190","Drama,Thriller,War,31 July 2009 (USA)
"
Fantastic Beasts and Where to Find Them ,2016,7.3,"394,350","Adventure,Family,Fantasy,18 November 2016 (USA)
"
The Patriot ,2000,7.2,"248,633","Action,Drama,History,28 June 2000 (USA)
"
Prometheus ,2012,7.0,"557,291","Adventure,Mystery,Sci-Fi,8 June 2012 (USA)
"
Coco ,2017,8.4,"342,929","Animation,Adventure,Family,22 November 2017 (USA)
"
The Truman Show ,1998,8.1,"898,062","Comedy,Drama,Sci-Fi,5 June 1998 (USA)
"
Air Force One ,1997,6.5,"175,284","Action,Drama,Thriller,25 July 1997 (USA)
"
Catch Me If You Can ,2002,8.1,"788,198","Biography,Crime,Drama,25 December 2002 (USA)
"
The Pianist ,2002,8.5,"699,517","Biography,Drama,Music,28 March 2003 (USA)
"
Sicario ,2015,7.6,"355,921","Action,Crime,Drama,2 October 2015 (USA)
"
Being John Malkovich ,1999,7.7,"300,915","Comedy,Drama,Fantasy,3 December 1999 (USA)
"
Black Swan ,2010,8.0,"681,279","Drama,Thriller,17 December 2010 (USA)
"
Minority Report ,2002,7.6,"494,274","Action,Crime,Mystery,21 June 2002 (USA)
"
Drive ,2011,7.8,"553,356","Crime,Drama,16 September 2011 (USA)
"
Harry Potter and the Deathly Hallows: Part 1 ,2010,7.7,"457,867","Adventure,Family,Fantasy,19 November 2010 (USA)
"
Harry Potter and the Half-Blood Prince ,2009,7.6,"452,561","Action,Adventure,Family,15 July 2009 (USA)
"
Hacksaw Ridge ,2016,8.1,"411,212","Biography,Drama,History,4 November 2016 (USA)
"
Good Will Hunting ,1997,8.3,"827,882","Drama,Romance,9 January 1998 (USA)
"
Room ,2015,8.1,"351,297","Drama,Thriller,22 January 2016 (USA)
"
Doctor Strange ,2016,7.5,"571,432","Action,Adventure,Fantasy,4 November 2016 (USA)
"
The Lion King ,1994,8.5,"907,974","Animation,Adventure,Drama,24 June 1994 (USA)
"
There Will Be Blood ,2007,8.2,"496,864","Drama,25 January 2008 (USA)
"
Hercules ,1997,7.3,"197,821","Animation,Adventure,Comedy,27 June 1997 (USA)
"
Arrival ,2016,7.9,"567,867","Drama,Mystery,Sci-Fi,11 November 2016 (USA)
"
Troy ,2004,7.2,"476,197","Drama,History,14 May 2004 (USA)
"
Zootopia ,2016,8.0,"416,047","Animation,Adventure,Comedy,4 March 2016 (USA)
"
The Big Short ,2015,7.8,"343,314","Biography,Comedy,Drama,23 December 2015 (USA)
"
The Favourite ,2018,7.5,"159,839","Biography,Comedy,Drama,21 December 2018 (USA)
"
Her ,2013,8.0,"516,530","Drama,Romance,Sci-Fi,10 January 2014 (USA)
"
"Three Billboards Outside Ebbing, Missouri ",2017,8.2,"402,481","Comedy,Crime,Drama,1 December 2017 (USA)
"
Terminator 2: Judgment Day ,1991,8.5,"966,521","Action,Sci-Fi,3 July 1991 (USA)
"
American Beauty ,1999,8.3,"1,041,224","Drama,1 October 1999 (USA)
"
The Grand Budapest Hotel ,2014,8.1,"680,104","Adventure,Comedy,Crime,28 March 2014 (USA)
"
The Hobbit: An Unexpected Journey ,2012,7.8,"742,463","Adventure,Family,Fantasy,14 December 2012 (USA)
"
Solo: A Star Wars Story ,2018,6.9,"272,635","Action,Adventure,Sci-Fi,25 May 2018 (USA)
"
Big Hero 6 ,2014,7.8,"397,172","Animation,Action,Adventure,7 November 2014 (USA)
"
Independence Day ,1996,7.0,"515,588","Action,Adventure,Sci-Fi,3 July 1996 (USA)
"
Bridesmaids ,2011,6.8,"261,104","Comedy,Romance,13 May 2011 (USA)
"
Into the Wild ,2007,8.1,"554,138","Adventure,Biography,Drama,19 October 2007 (USA)
"
Eternal Sunshine of the Spotless Mind ,2004,8.3,"880,405","Drama,Romance,Sci-Fi,19 March 2004 (USA)
"
A Quiet Place ,2018,7.5,"383,948","Drama,Horror,Sci-Fi,6 April 2018 (USA)
"
The Avengers ,2012,8.0,"1,234,446","Action,Adventure,Sci-Fi,4 May 2012 (USA)
"
Primal Fear ,1996,7.7,"178,034","Crime,Drama,Mystery,3 April 1996 (USA)
"
A Few Good Men ,1992,7.7,"226,848","Drama,Thriller,11 December 1992 (USA)
"
Memento ,2000,8.4,"1,087,999","Mystery,Thriller,25 May 2001 (USA)
"
Spider-Man ,2002,7.3,"670,703","Action,Adventure,Sci-Fi,3 May 2002 (USA)
"
Braveheart ,1995,8.3,"935,171","Biography,Drama,History,24 May 1995 (USA)
"
La La Land ,2016,8.0,"480,791","Comedy,Drama,Music,25 December 2016 (USA)
"
The Curious Case of Benjamin Button ,2008,7.8,"570,872","Drama,Fantasy,Romance,25 December 2008 (USA)
"
Almost Famous ,2000,7.9,"245,153","Adventure,Comedy,Drama,22 September 2000 (USA)
"
The Lord of the Rings: The Two Towers ,2002,8.7,"1,437,095","Adventure,Drama,Fantasy,18 December 2002 (USA)
"
The Greatest Showman ,2017,7.6,"221,787","Biography,Drama,Musical,20 December 2017 (USA)
"
The Revenant ,2015,8.0,"677,121","Action,Adventure,Biography,8 January 2016 (USA)
"
Dunkirk ,2017,7.9,"521,210","Action,Drama,History,21 July 2017 (USA)
"
Maleficent ,2014,7.0,"333,737","Action,Adventure,Family,30 May 2014 (USA)
"
Logan ,2017,8.1,"619,287","Action,Drama,Sci-Fi,3 March 2017 (USA)
"
The Square ,2017,7.2,"51,879","Comedy,Drama,19 October 2017 (Germany)
"
Pirates of the Caribbean: The Curse of the Black Pearl ,2003,8.0,"996,090","Action,Adventure,Fantasy,9 July 2003 (USA)
"
Whiplash ,2014,8.5,"680,765","Drama,Music,19 February 2015 (Germany)
"
Casino ,1995,8.2,"446,646","Crime,Drama,22 November 1995 (USA)
"
Beauty and the Beast ,2017,7.1,"260,657","Family,Fantasy,Musical,17 March 2017 (USA)
"
Malcolm X ,1992,7.7,"81,753","Biography,Drama,History,18 November 1992 (USA)
"
A Star Is Born ,2018,7.7,"311,491","Drama,Music,Romance,5 October 2018 (USA)
"
Prisoners ,2013,8.1,"573,159","Crime,Drama,Mystery,20 September 2013 (USA)
"
Avatar ,2009,7.8,"1,094,783","Action,Adventure,Fantasy,18 December 2009 (USA)
"
12 Years a Slave ,2013,8.1,"617,925","Biography,Drama,History,8 November 2013 (USA)
"
The Green Mile ,1999,8.6,"1,098,430","Crime,Drama,Fantasy,10 December 1999 (USA)
"
The Hateful Eight ,2015,7.8,"492,042","Crime,Drama,Mystery,30 December 2015 (USA)
"
Harry Potter and the Deathly Hallows: Part 2 ,2011,8.1,"735,915","Adventure,Drama,Fantasy,15 July 2011 (USA)
"
Cape Fear ,1991,7.3,"166,014","Crime,Thriller,15 November 1991 (USA)
"
Frozen II ,2019,6.9,"112,401","Animation,Adventure,Comedy,22 November 2019 (USA)
"
Suicide Squad ,2016,6.0,"580,831","Action,Adventure,Fantasy,5 August 2016 (USA)
"
The Lord of the Rings: The Return of the King ,2003,8.9,"1,590,551","Adventure,Drama,Fantasy,17 December 2003 (USA)
"
Harry Potter and the Goblet of Fire ,2005,7.7,"524,696","Adventure,Family,Fantasy,18 November 2005 (USA)
"
Gone Girl ,2014,8.1,"823,080","Drama,Mystery,Thriller,3 October 2014 (USA)
"
Schindler's List ,1993,8.9,"1,170,424","Biography,Drama,History,4 February 1994 (USA)
"
Moonlight ,2016,7.4,"258,678","Drama,18 November 2016 (USA)
"
Boogie Nights ,1997,7.9,"231,311","Drama,31 October 1997 (USA)
"
Green Book ,2018,8.2,"328,925","Biography,Comedy,Drama,16 November 2018 (USA)
"
Goodfellas ,1990,8.7,"980,106","Biography,Crime,Drama,21 September 1990 (USA)
"
The Departed ,2006,8.5,"1,147,971","Crime,Drama,Thriller,6 October 2006 (USA)
"
Fifty Shades of Grey ,2015,4.1,"291,173","Drama,Romance,Thriller,13 February 2015 (USA)
"
The Lion King ,2019,6.9,"193,948","Animation,Adventure,Drama,19 July 2019 (USA)
"
Blade Runner 2049 ,2017,8.0,"433,287","Action,Drama,Mystery,6 October 2017 (USA)
"
Se7en ,1995,8.6,"1,386,650","Crime,Drama,Mystery,22 September 1995 (USA)
"
Spider-Man: Into the Spider-Verse ,2018,8.4,"323,166","Animation,Action,Adventure,14 December 2018 (USA)
"
Guardians of the Galaxy ,2014,8.0,"1,015,659","Action,Adventure,Comedy,1 August 2014 (USA)
"
BlacKkKlansman ,2018,7.5,"195,980","Biography,Crime,Drama,10 August 2018 (USA)
"
Avengers: Infinity War ,2018,8.5,"781,414","Action,Adventure,Sci-Fi,27 April 2018 (USA)
"
Lady Bird ,2017,7.4,"222,203","Comedy,Drama,1 December 2017 (USA)
"
The Prestige ,2006,8.5,"1,141,289","Drama,Mystery,Sci-Fi,20 October 2006 (USA)
"
Inception ,2010,8.8,"1,975,562","Action,Adventure,Sci-Fi,16 July 2010 (USA)
"
The Wolf of Wall Street ,2013,8.2,"1,123,522","Biography,Crime,Drama,25 December 2013 (USA)
"
Twister ,1996,6.4,"170,733","Action,Adventure,Thriller,10 May 1996 (USA)
"
Rocketman ,2019,7.3,"118,104","Biography,Drama,Music,31 May 2019 (USA)
"
The Shawshank Redemption ,1994,9.3,"2,252,748","Drama,14 October 1994 (USA)
"
Jojo Rabbit ,2019,7.9,"228,256","Comedy,Drama,War,8 November 2019 (USA)
"
Maleficent: Mistress of Evil ,2019,6.6,"71,451","Adventure,Family,Fantasy,18 October 2019 (USA)
"
Star Wars: Episode IX - The Rise of Skywalker ,2019,6.7,"333,655","Action,Adventure,Fantasy,20 December 2019 (USA)
"
The Help ,2011,8.1,"414,836","Drama,10 August 2011 (USA)
"
Once Upon a Time... in Hollywood ,2019,7.7,"480,614","Comedy,Drama,26 July 2019 (USA)
"
Avengers: Endgame ,2019,8.4,"730,203","Action,Adventure,Drama,26 April 2019 (USA)
"
1917 ,2019,8.3,"330,263","Drama,War,10 January 2020 (USA)
"
Ad Astra ,2019,6.6,"170,993","Adventure,Drama,Mystery,20 September 2019 (USA)
"
Parasite ,2019,8.6,"430,901","Comedy,Drama,Thriller,8 November 2019 (USA)
"
Joker ,2019,8.5,"812,156","Crime,Drama,Thriller,4 October 2019 (USA)
"
